date,hour,day_of_week,kitchen,item_name_raw,price_thb,units_sold,gross_revenue_thb,rate_code,source_row,exclusion_reason,sku
2026-07-28,17,1,Pattaya_Central,Mixed Berry (Premium),89.0,1,89.0,LM-RC000,687,exact_duplicate,
2025-09-13,1,5,Pattaya_Central,Pineapple Ice,49.0,2,98.0,LM-RC000,8975,exact_duplicate,
2026-08-22,12,5,BKK_Ladprao,แตงโมปั่น (ไซส์ M),45.0,7,315.0,LM-RC000,11363,exact_duplicate,
2026-06-01,4,0,Pattaya_Central,ฝรั่งปั่น (ใส่เกลือ),49.0,1,49.0,GB-RC000,11554,exact_duplicate,
2026-01-12,17,0,Pattaya_Central,เสาวรสปั่นเข้มข้น,65.0,4,260.0,LM-RC000,13696,exact_duplicate,
2026-03-20,11,4,Pattaya_Central,Passion Fruit Smoothie,65.0,6,390.0,LM-RC000,15346,exact_duplicate,
2025-12-04,12,3,BKK_Ladprao,watermelon ice,45.0,5,225.0,GB-RC000,17620,exact_duplicate,
2026-04-16,19,3,Pattaya_Beach,แตงโมปั่น (ไซส์ M),45.0,22,990.0,GB-RC000,17685,exact_duplicate,
2026-08-09,0,6,Pattaya_Central,Guava Smoothie,49.0,4,196.0,LM-RC000,17691,exact_duplicate,
2026-08-15,12,5,Pattaya_Central,Watermelon Smoothie,45.0,13,585.0,GB-RC000,22389,exact_duplicate,
2026-04-06,8,0,Pattaya_Beach,Mixed Berry (Premium),89.0,2,178.0,LM-RC000,23202,exact_duplicate,
2026-03-06,18,4,Pattaya_Central,pineapple ice,49.0,7,343.0,LM-RC000,23389,exact_duplicate,
2026-01-03,22,5,Pattaya_Central,แตงโมปั่น,45.0,24,1080.0,GB-RC000,23541,exact_duplicate,
2026-06-03,14,2,BKK_Ladprao,เสาวรสปั่น,65.0,1,65.0,LM-RC000,23938,exact_duplicate,
2026-01-03,11,5,BKK_Ladprao,แตงโมปั่นสด,45.0,9,405.0,GB-RC000,24412,exact_duplicate,
2026-07-15,1,2,Pattaya_Central,สับปะรดปั่น,49.0,1,49.0,LM-RC000,24791,exact_duplicate,
2026-05-07,6,3,Pattaya_Central,สัปปะรดปั่น,49.0,1,49.0,GB-RC000,24913,exact_duplicate,
2025-09-15,14,0,Pattaya_Beach,Watermelon Smoothie,39.6,10,396.0,LM-RC103,27126,exact_duplicate,
2026-03-09,12,0,Pattaya_Beach,เสาวรสปั่น,65.0,9,585.0,LM-RC000,27424,exact_duplicate,
2026-05-05,14,1,BKK_Ladprao,เบอร์รี่ปั่นพรีเมียม,71.2,4,284.8,LM-RC102,28806,exact_duplicate,
2026-07-02,17,3,BKK_Ladprao,Passion Fruit Ice,65.0,1,65.0,LM-RC000,28915,exact_duplicate,
2026-02-03,11,1,Pattaya_Central,ฝรั่งปั่น,49.0,8,392.0,LM-RC000,28983,exact_duplicate,
2026-07-09,16,3,Pattaya_Beach,เสาวรสปั่นเข้มข้น,65.0,2,130.0,LM-RC000,29153,exact_duplicate,
2026-07-06,19,0,BKK_Sukhumvit,สัปปะรดปั่น,49.0,2,98.0,GB-RC000,29368,exact_duplicate,
2026-07-15,13,2,Pattaya_Beach,เบอร์รี่ปั่นพรีเมียม,89.0,4,356.0,GB-RC000,29663,exact_duplicate,
2026-08-29,14,5,Pattaya_Beach,guava ice,49.0,1,49.0,GB-RC000,30167,exact_duplicate,
2025-11-14,6,4,Pattaya_Beach,Guava Smoothie,49.0,2,98.0,LM-RC000,30264,exact_duplicate,
2026-05-28,15,3,BKK_Ladprao,เสาวรสปั่นเข้มข้น,65.0,2,130.0,LM-RC000,31222,exact_duplicate,
2026-01-24,13,5,BKK_Sukhumvit,สับปะรดปั่น,49.0,9,441.0,LM-RC000,31529,exact_duplicate,
2025-10-15,20,2,Pattaya_Central,watermelon ice,45.0,6,270.0,GB-RC000,31929,exact_duplicate,
2026-08-19,17,2,BKK_Ladprao,สัปปะรดปั่น,49.0,5,245.0,GB-RC000,32081,exact_duplicate,
2026-02-12,20,3,Pattaya_Beach,Watermelon smoothy,45.0,11,495.0,LM-RC000,34361,exact_duplicate,
2026-08-25,12,1,Pattaya_Central,Pineapple smoothie ,49.0,4,196.0,LM-RC000,35760,exact_duplicate,
2025-09-27,7,5,BKK_Ladprao,แตงโมปั่นสด,45.0,1,45.0,LM-RC000,36220,exact_duplicate,
2025-12-23,9,1,BKK_Sukhumvit,Watermelon Smoothie,45.0,2,90.0,GB-RC000,36550,exact_duplicate,
2025-12-03,12,2,BKK_Sukhumvit,Passion Fruit Ice,65.0,3,195.0,LM-RC000,36837,exact_duplicate,
2026-01-31,14,5,Pattaya_Beach,Passion Fruit Smoothie,65.0,4,260.0,GB-RC000,36917,exact_duplicate,
2025-11-24,0,0,BKK_Sukhumvit,แตงโมปั่น (ไซส์ M),45.0,3,135.0,LM-RC000,37064,exact_duplicate,
2025-09-07,12,6,BKK_Sukhumvit,pineapple ice,49.0,3,147.0,LM-RC000,37281,exact_duplicate,
2026-08-25,9,1,Pattaya_Beach,เสาวรสปั่น,65.0,1,65.0,LM-RC000,37336,exact_duplicate,
2026-08-16,23,6,Pattaya_Central,pineapple ice,49.0,14,686.0,GB-RC000,38280,exact_duplicate,
2025-11-19,23,2,Pattaya_Central,guava ice,49.0,4,196.0,LM-RC000,39598,exact_duplicate,
2026-07-06,13,0,BKK_Sukhumvit,Guava Smoothie,49.0,3,147.0,LM-RC000,39659,exact_duplicate,
2026-01-25,7,6,Pattaya_Central,Pineapple Smoothie,49.0,4,196.0,LM-RC000,40069,exact_duplicate,
2026-07-27,1,0,Pattaya_Beach,Guava Ice,49.0,1,49.0,LM-RC000,40376,exact_duplicate,
2025-11-25,18,1,Pattaya_Beach,ฝรั่งปั่น,49.0,5,245.0,LM-RC000,40603,exact_duplicate,
2026-06-29,21,0,Pattaya_Central,ฝรั่งปั่น,49.0,6,294.0,GB-RC000,40869,exact_duplicate,
2026-04-04,19,5,BKK_Ladprao,Watermelon Ice,36.0,11,396.0,LM-RC102,41111,exact_duplicate,
2026-03-14,22,5,Pattaya_Central,Watermelon smoothy,45.0,31,1395.0,LM-RC000,41756,exact_duplicate,
2026-08-19,1,2,BKK_Sukhumvit,Watermelon Ice,45.0,1,45.0,GB-RC000,42261,exact_duplicate,
2025-11-30,15,6,BKK_Ladprao,Pineapple smoothie ,49.0,5,245.0,GB-RC000,42317,exact_duplicate,
2025-11-17,9,0,Pattaya_Central,เสาวรสปั่นเข้มข้น,65.0,2,130.0,GB-RC000,42389,exact_duplicate,
2026-04-02,17,3,BKK_Ladprao,แตงโมปั่น (ไซส์ M),45.0,10,450.0,LM-RC000,42843,exact_duplicate,
2026-04-25,7,5,Pattaya_Beach,Pineapple Smoothie,41.65,1,41.65,LM-RC101-PA,43342,exact_duplicate,
2026-04-21,19,1,BKK_Ladprao,Guava Smoothie,49.0,1,49.0,GB-RC000,44812,exact_duplicate,
2026-06-13,8,5,BKK_Sukhumvit,Pineapple Smoothie,49.0,4,196.0,GB-RC000,45763,exact_duplicate,
2026-03-05,11,3,Pattaya_Central,pineapple ice,49.0,12,588.0,GB-RC000,46132,exact_duplicate,
2026-08-10,15,0,Pattaya_Beach,Passion Fruit Smoothie,57.2,2,114.4,LM-RC103,46910,exact_duplicate,
2025-12-15,20,0,Pattaya_Central,แตงโมปั่น,45.0,12,540.0,LM-RC000,48888,exact_duplicate,
2025-10-14,18,1,BKK_Ladprao,เสาวรสปั่น,65.0,1,65.0,GB-RC000,50205,exact_duplicate,
2026-05-15,6,4,Pattaya_Beach,Passion Fruit Ice,65.0,1,65.0,GB-RC000,51424,exact_duplicate,
2026-05-21,18,3,Pattaya_Beach,ฝรั่งปั่น,49.0,4,196.0,LM-RC000,51757,exact_duplicate,
2026-01-07,7,2,Pattaya_Beach,Watermelon Ice,45.0,3,135.0,GB-RC000,51942,exact_duplicate,
2026-04-13,6,0,BKK_Sukhumvit,ฝรั่งปั่น (ใส่เกลือ),49.0,3,147.0,GB-RC000,52030,exact_duplicate,
2026-06-08,23,0,Pattaya_Central,Pineapple Smoothie,49.0,10,490.0,GB-RC000,52414,exact_duplicate,
2025-12-22,18,0,Pattaya_Central,Pineapple smoothie ,49.0,13,637.0,GB-RC000,52623,exact_duplicate,
2026-04-20,17,0,BKK_Ladprao,ฝรั่งปั่น,49.0,5,245.0,LM-RC000,52719,exact_duplicate,
2026-08-14,20,4,BKK_Ladprao,สัปปะรดปั่น,49.0,2,98.0,LM-RC000,53068,exact_duplicate,
2025-12-17,11,2,BKK_Sukhumvit,Guava Ice,49.0,4,196.0,GB-RC000,53115,exact_duplicate,
2025-09-07,17,6,Pattaya_Central,แตงโมปั่น,45.0,23,1035.0,GB-RC000,53375,exact_duplicate,
2025-10-18,12,5,Pattaya_Central,guava ice,49.0,6,294.0,GB-RC000,53803,exact_duplicate,
2026-08-06,12,3,BKK_Ladprao,Watermelon smoothy,45.0,5,225.0,LM-RC000,53814,exact_duplicate,
2026-03-30,22,0,Pattaya_Beach,Pineapple Smoothie,49.0,10,490.0,LM-RC000,53928,exact_duplicate,
2026-02-23,18,0,BKK_Sukhumvit,Watermelon Ice,45.0,13,585.0,LM-RC000,54299,exact_duplicate,
2025-12-22,21,0,Pattaya_Beach,สัปปะรดปั่น,49.0,7,343.0,LM-RC000,54465,exact_duplicate,
2026-02-13,13,4,BKK_Sukhumvit,ฝรั่งปั่น,49.0,1,49.0,LM-RC000,54781,exact_duplicate,
2025-10-22,19,2,BKK_Sukhumvit,แตงโมปั่น (ไซส์ M),45.0,9,405.0,LM-RC000,55416,exact_duplicate,
2026-05-09,11,5,BKK_Sukhumvit,Guava Ice,49.0,4,196.0,GB-RC000,56202,exact_duplicate,
2026-06-25,13,3,Pattaya_Beach,Pineapple smoothie ,43.12,7,301.84,LM-RC103,57122,exact_duplicate,
2026-04-26,1,6,Pattaya_Beach,Guava Ice,49.0,4,196.0,LM-RC000,57485,exact_duplicate,
2026-05-27,2,2,Pattaya_Beach,pineapple ice,49.0,3,147.0,GB-RC000,57503,exact_duplicate,
2026-07-10,13,4,Pattaya_Central,สัปปะรดปั่น,49.0,10,490.0,GB-RC000,57978,exact_duplicate,
2026-03-02,0,0,Pattaya_Central,Guava Ice,49.0,1,49.0,GB-RC000,58242,exact_duplicate,
2026-06-22,20,0,BKK_Ladprao,Mixed Berry Premium,89.0,1,89.0,LM-RC000,58695,exact_duplicate,
2026-03-18,9,2,BKK_Sukhumvit,Guava Smoothie,49.0,2,98.0,LM-RC000,58957,exact_duplicate,
2025-09-15,23,0,Pattaya_Central,Passion Fruit Ice,57.2,2,114.4,LM-RC103,59015,exact_duplicate,
2026-08-03,22,0,Pattaya_Beach,เบอร์รี่ปั่นพรีเมียม,89.0,2,178.0,LM-RC000,59035,exact_duplicate,
2026-05-26,22,1,Pattaya_Beach,guava ice,49.0,8,392.0,LM-RC000,59249,exact_duplicate,
2026-05-23,0,5,Pattaya_Beach,passionfruit ice,65.0,2,130.0,GB-RC000,59306,exact_duplicate,
2026-04-27,13,0,BKK_Ladprao,pineapple ice,49.0,10,490.0,GB-RC000,60266,exact_duplicate,
2025-10-17,10,4,Pattaya_Beach,Pineapple Smoothie,43.12,1,43.12,LM-RC103,60719,exact_duplicate,
2026-06-20,21,5,BKK_Ladprao,Guava Smoothie,49.0,4,196.0,LM-RC000,60728,exact_duplicate,
2026-04-23,23,3,BKK_Sukhumvit,Pineapple smoothie ,49.0,8,392.0,GB-RC000,61295,exact_duplicate,
2025-12-07,11,6,Pattaya_Central,watermelon ice,45.0,14,630.0,GB-RC000,61562,exact_duplicate,
2026-04-01,9,2,BKK_Ladprao,Guava Smoothie,49.0,2,98.0,LM-RC000,61609,exact_duplicate,
2025-12-28,17,6,BKK_Ladprao,Passion Fruit Ice,65.0,2,130.0,GB-RC000,62845,exact_duplicate,
2026-04-16,10,3,BKK_Sukhumvit,Pineapple Smoothie,49.0,12,588.0,LM-RC000,63344,exact_duplicate,
2025-09-12,23,4,BKK_Ladprao,Pineapple Ice,49.0,3,147.0,GB-RC000,63454,exact_duplicate,
2025-12-06,11,5,BKK_Ladprao,Pineapple Ice,49.0,2,98.0,GB-RC000,63872,exact_duplicate,
2026-04-01,19,2,BKK_Ladprao,Watermelon Ice,45.0,7,315.0,LM-RC000,63919,exact_duplicate,
2026-05-25,16,0,Pattaya_Central,ฝรั่งปั่น,49.0,8,392.0,LM-RC000,64068,exact_duplicate,
2026-08-04,23,1,Pattaya_Beach,Watermelon smoothy,45.0,13,585.0,LM-RC000,64218,exact_duplicate,
2026-05-25,13,0,BKK_Ladprao,Mixed Berry (Premium),89.0,1,89.0,GB-RC000,64369,exact_duplicate,
2026-03-19,16,3,BKK_Ladprao,สัปปะรดปั่น,49.0,7,343.0,GB-RC000,64542,exact_duplicate,
2026-05-05,16,1,BKK_Ladprao,passionfruit ice,52.0,5,260.0,LM-RC102,64653,exact_duplicate,
2026-05-04,0,0,Pattaya_Central,guava ice,49.0,1,49.0,LM-RC000,65438,exact_duplicate,
2026-01-12,9,0,Pattaya_Beach,ฝรั่งปั่น,49.0,4,196.0,GB-RC000,65908,exact_duplicate,
2026-04-17,17,4,BKK_Ladprao,Passion Fruit Smoothie,65.0,1,65.0,LM-RC000,66047,exact_duplicate,
2025-09-05,9,4,BKK_Ladprao,Pineapple Ice,41.65,1,41.65,GB-RC101-PA,66062,exact_duplicate,
2026-06-17,2,2,Pattaya_Beach,guava ice,43.12,1,43.12,LM-RC103,66208,exact_duplicate,
2025-11-24,22,0,Pattaya_Central,Guava Smoothie,49.0,6,294.0,GB-RC000,66260,exact_duplicate,
2026-05-26,13,1,BKK_Sukhumvit,Guava Smoothie,49.0,6,294.0,GB-RC000,66442,exact_duplicate,
2025-09-05,16,4,Pattaya_Central,เสาวรสปั่น,65.0,2,130.0,GB-RC000,66550,exact_duplicate,
2026-03-16,17,0,BKK_Ladprao,Guava Ice,49.0,3,147.0,LM-RC000,66834,exact_duplicate,
2026-05-29,14,4,BKK_Sukhumvit,ฝรั่งปั่น,49.0,5,245.0,LM-RC000,66925,exact_duplicate,
2026-03-25,2,2,Pattaya_Central,Guava Ice,49.0,3,147.0,LM-RC000,67251,exact_duplicate,
2026-05-22,8,4,Pattaya_Central,watermelon ice,45.0,9,405.0,LM-RC000,68228,exact_duplicate,
2025-09-20,9,5,Pattaya_Beach,watermelon ice,45.0,6,270.0,GB-RC000,68483,exact_duplicate,
2025-11-27,8,3,Pattaya_Beach,แตงโมปั่น (ไซส์ M),45.0,4,180.0,GB-RC000,68715,exact_duplicate,
2026-08-05,15,2,BKK_Sukhumvit,แตงโมปั่น,45.0,9,405.0,LM-RC000,68917,exact_duplicate,
2025-12-09,3,1,BKK_Sukhumvit,ฝรั่งปั่น (ใส่เกลือ),49.0,2,98.0,LM-RC000,69828,exact_duplicate,
2026-06-01,12,0,Pattaya_Central,watermelon ice,45.0,14,630.0,GB-RC000,70052,exact_duplicate,
2026-08-12,12,2,BKK_Ladprao,Watermelon Smoothie,45.0,4,180.0,LM-RC000,70675,exact_duplicate,
2025-11-07,16,4,Pattaya_Beach,ฝรั่งปั่น,49.0,4,196.0,GB-RC000,70690,exact_duplicate,
2026-05-01,16,4,BKK_Ladprao,guava ice,49.0,4,196.0,GB-RC000,71195,exact_duplicate,
2025-10-05,15,6,Pattaya_Central,Pineapple smoothie ,49.0,3,147.0,GB-RC000,71806,exact_duplicate,
2026-03-29,6,6,BKK_Sukhumvit,แตงโมปั่น,45.0,3,135.0,GB-RC000,71877,exact_duplicate,
2025-12-17,22,2,BKK_Sukhumvit,Guava Smoothie,49.0,3,147.0,GB-RC000,71939,exact_duplicate,
2026-02-26,19,3,BKK_Ladprao,สับปะรดปั่น,49.0,3,147.0,LM-RC000,72096,exact_duplicate,
2026-02-04,15,2,Pattaya_Central,Passion Fruit Smoothie,65.0,5,325.0,GB-RC000,72539,exact_duplicate,
2026-04-24,19,4,Pattaya_Beach,สัปปะรดปั่น,49.0,10,490.0,LM-RC000,73151,exact_duplicate,
2026-05-03,1,6,Pattaya_Beach,guava ice,49.0,2,98.0,GB-RC000,73187,exact_duplicate,
2026-02-17,23,1,BKK_Sukhumvit,Passion Fruit Smoothie,65.0,7,455.0,GB-RC000,73315,exact_duplicate,
2026-07-12,9,6,BKK_Ladprao,Watermelon Smoothie,45.0,3,135.0,GB-RC000,73499,exact_duplicate,
2025-12-08,0,0,Pattaya_Central,แตงโมปั่น (ไซส์ M),45.0,3,135.0,GB-RC000,73535,exact_duplicate,
2026-03-30,16,0,BKK_Ladprao,Passion Fruit Smoothie,65.0,2,130.0,GB-RC000,73711,exact_duplicate,
2026-02-18,4,2,Pattaya_Central,แตงโมปั่นสด,45.0,2,90.0,LM-RC000,73957,exact_duplicate,
2025-10-02,7,3,Pattaya_Beach,แตงโมปั่น (ไซส์ M),45.0,2,90.0,GB-RC000,74134,exact_duplicate,
2025-12-25,15,3,BKK_Sukhumvit,เสาวรสปั่น,65.0,1,65.0,LM-RC000,75066,exact_duplicate,
2026-04-13,3,0,BKK_Ladprao,Passion Fruit Smoothie,65.0,1,65.0,LM-RC000,75100,exact_duplicate,
2026-05-13,6,2,Pattaya_Beach,Watermelon Smoothie,45.0,2,90.0,GB-RC000,75217,exact_duplicate,
2026-06-24,15,2,BKK_Ladprao,แตงโมปั่นสด,45.0,4,180.0,LM-RC000,75220,exact_duplicate,
2026-08-15,0,5,Pattaya_Central,Pineapple Ice,49.0,3,147.0,LM-RC000,75560,exact_duplicate,
2025-12-18,14,3,Pattaya_Beach,แตงโมปั่นสด,45.0,8,360.0,LM-RC000,76340,exact_duplicate,
2026-06-11,3,3,Pattaya_Central,Pineapple Smoothie,49.0,2,98.0,GB-RC000,76499,exact_duplicate,
2025-11-22,10,5,Pattaya_Beach,Watermelon Smoothie,45.0,9,405.0,GB-RC000,76941,exact_duplicate,
2025-10-13,23,0,Pattaya_Beach,Pineapple smoothie ,49.0,10,490.0,GB-RC000,77008,exact_duplicate,
2026-02-09,9,0,Pattaya_Central,สัปปะรดปั่น,49.0,5,245.0,LM-RC000,77079,exact_duplicate,
2025-12-13,23,5,Pattaya_Beach,Pineapple smoothie ,49.0,9,441.0,LM-RC000,77215,exact_duplicate,
2025-09-03,22,2,Pattaya_Beach,สัปปะรดปั่น,49.0,6,294.0,LM-RC000,77350,exact_duplicate,
2025-10-31,15,4,BKK_Ladprao,ฝรั่งปั่น (ใส่เกลือ),49.0,2,98.0,GB-RC000,77566,exact_duplicate,
2025-11-27,13,3,BKK_Ladprao,แก้วเปล่า,99.0,1,99.0,GB-RC000,77773,exact_duplicate,
2025-12-12,9,4,Pattaya_Central,passionfruit ice,52.0,10,520.0,LM-RC102,77851,exact_duplicate,
2026-06-01,23,0,BKK_Ladprao,guava ice,49.0,2,98.0,LM-RC000,78194,exact_duplicate,
2026-08-06,20,3,BKK_Ladprao,Watermelon smoothy,45.0,3,135.0,LM-RC000,78196,exact_duplicate,
2026-02-19,23,3,BKK_Sukhumvit,เสาวรสปั่นเข้มข้น,65.0,4,260.0,LM-RC000,78304,exact_duplicate,
2025-09-26,14,4,BKK_Sukhumvit,Guava Smoothie,49.0,2,98.0,LM-RC000,78426,exact_duplicate,
2025-11-14,10,4,BKK_Sukhumvit,สับปะรดปั่น,49.0,3,147.0,LM-RC000,78427,exact_duplicate,
2026-03-31,6,1,Pattaya_Beach,สัปปะรดปั่น,49.0,1,49.0,LM-RC000,78943,exact_duplicate,
2025-12-30,1,1,Pattaya_Central,watermelon ice,45.0,3,135.0,GB-RC000,79642,exact_duplicate,
2025-12-02,13,1,Pattaya_Central,Pineapple smoothie ,49.0,10,490.0,GB-RC000,79776,exact_duplicate,
2025-09-03,20,2,Pattaya_Beach,Guava Ice,49.0,2,98.0,LM-RC000,80567,exact_duplicate,
2026-04-27,15,0,BKK_Ladprao,เบอร์รี่รวมพรีเมียม,89.0,2,178.0,GB-RC000,81103,exact_duplicate,
2026-08-27,9,3,BKK_Sukhumvit,เสาวรสปั่น,65.0,2,130.0,LM-RC000,81400,exact_duplicate,
2026-01-27,15,1,Pattaya_Central,สับปะรดปั่น,49.0,2,98.0,GB-RC000,81474,exact_duplicate,
2025-10-20,7,0,Pattaya_Beach,สัปปะรดปั่น,49.0,4,196.0,GB-RC000,82147,exact_duplicate,
2026-08-07,16,4,BKK_Sukhumvit,pineapple ice,49.0,4,196.0,GB-RC000,82425,exact_duplicate,
2026-05-06,22,2,Pattaya_Beach,Guava Ice,49.0,6,294.0,GB-RC000,82668,exact_duplicate,
2025-09-24,10,2,BKK_Sukhumvit,Pineapple Smoothie,49.0,2,98.0,LM-RC000,82829,exact_duplicate,
2026-06-06,16,5,Pattaya_Beach,Mixed Berry Premium,71.2,2,142.4,GB-RC102,82870,exact_duplicate,
2026-05-13,1,2,Pattaya_Central,passionfruit ice,65.0,2,130.0,LM-RC000,83128,exact_duplicate,
2025-11-23,11,6,BKK_Sukhumvit,pineapple ice,49.0,7,343.0,GB-RC000,83241,exact_duplicate,
2026-07-04,20,5,Pattaya_Central,สับปะรดปั่น,49.0,5,245.0,LM-RC000,83311,exact_duplicate,
2026-06-20,0,5,BKK_Ladprao,Guava Ice,49.0,1,49.0,LM-RC000,84152,exact_duplicate,
2025-09-14,9,6,BKK_Ladprao,Pineapple Smoothie,49.0,4,196.0,GB-RC000,84394,exact_duplicate,
2026-03-05,0,3,BKK_Sukhumvit,Watermelon Smoothie,45.0,6,270.0,LM-RC000,84491,exact_duplicate,
2026-07-20,2,0,BKK_Ladprao,Watermelon Smoothie,45.0,2,90.0,LM-RC000,84504,exact_duplicate,
2026-06-16,8,1,BKK_Ladprao,แตงโมปั่น (ไซส์ M),45.0,3,135.0,LM-RC000,85369,exact_duplicate,
2026-06-21,17,6,BKK_Sukhumvit,เบอร์รี่รวมพรีเมียม,89.0,2,178.0,GB-RC000,85525,exact_duplicate,
2025-09-05,9,4,Pattaya_Beach,Pineapple Ice,41.65,5,208.25,GB-RC101-PA,86112,exact_duplicate,
2026-04-18,8,5,BKK_Ladprao,Passion Fruit Ice,65.0,2,130.0,LM-RC000,86280,exact_duplicate,
2025-12-06,22,5,Pattaya_Central,เสาวรสปั่น,65.0,6,390.0,LM-RC000,86646,exact_duplicate,
2026-05-25,20,0,BKK_Sukhumvit,แตงโมปั่น (ไซส์ M),45.0,10,450.0,GB-RC000,86920,exact_duplicate,
2025-10-05,16,6,BKK_Ladprao,Pineapple Ice,49.0,3,147.0,GB-RC000,86952,exact_duplicate,
2025-09-22,17,0,Pattaya_Beach,Passion Fruit Smoothie,65.0,1,65.0,LM-RC000,87163,exact_duplicate,
2026-04-21,8,1,BKK_Ladprao,Mixed Berry (Premium),89.0,1,89.0,LM-RC000,87687,exact_duplicate,
2026-05-02,9,5,Pattaya_Central,passionfruit ice,65.0,4,260.0,LM-RC000,87720,exact_duplicate,
2026-05-27,10,2,Pattaya_Central,แตงโมปั่น,45.0,7,315.0,LM-RC000,88110,exact_duplicate,
2026-06-18,2,3,BKK_Ladprao,Watermelon Smoothie,45.0,1,45.0,GB-RC000,88133,exact_duplicate,
2025-11-02,7,6,BKK_Sukhumvit,Pineapple smoothie ,49.0,6,294.0,GB-RC000,88268,exact_duplicate,
2026-05-11,20,0,BKK_Ladprao,guava ice,49.0,2,98.0,GB-RC000,88287,exact_duplicate,
2026-03-29,23,6,BKK_Sukhumvit,Mixed Berry Premium,89.0,2,178.0,GB-RC000,88337,exact_duplicate,
2026-03-22,11,6,Pattaya_Beach,Guava Ice,49.0,7,343.0,LM-RC000,88348,exact_duplicate,
2026-06-13,20,5,BKK_Sukhumvit,pineapple ice,49.0,5,245.0,GB-RC000,88458,exact_duplicate,
2025-10-27,8,0,BKK_Sukhumvit,เสาวรสปั่น,65.0,1,65.0,GB-RC000,89194,exact_duplicate,
2026-01-06,11,1,Pattaya_Beach,เสาวรสปั่น,65.0,3,195.0,LM-RC000,89239,exact_duplicate,
2025-12-15,17,0,Pattaya_Beach,Passion Fruit Smoothie,65.0,5,325.0,GB-RC000,89445,exact_duplicate,
2026-05-08,20,4,Pattaya_Central,Passion Fruit Ice,65.0,6,390.0,LM-RC000,89518,exact_duplicate,
2026-01-30,10,4,BKK_Sukhumvit,สับปะรดปั่น,49.0,3,147.0,GB-RC000,89801,exact_duplicate,
2026-05-28,16,3,Pattaya_Beach,Pineapple smoothie ,49.0,6,294.0,GB-RC000,90115,exact_duplicate,
2026-07-28,19,1,Pattaya_Beach,ฝรั่งปั่น,49.0,5,245.0,LM-RC000,90259,exact_duplicate,
2025-09-05,19,4,Pattaya_Central,ฝรั่งปั่น,49.0,4,196.0,LM-RC000,90579,exact_duplicate,
2025-12-07,15,6,Pattaya_Beach,Watermelon Smoothie,45.0,10,450.0,GB-RC000,91516,exact_duplicate,
2026-04-03,0,4,BKK_Ladprao,Guava Smoothie,49.0,4,196.0,GB-RC000,91755,exact_duplicate,
2025-11-30,8,6,Pattaya_Central,Passion Fruit Ice,65.0,1,65.0,GB-RC000,91997,exact_duplicate,
2025-12-26,11,4,BKK_Ladprao,pineapple ice,49.0,7,343.0,GB-RC000,92176,exact_duplicate,
2026-08-04,11,1,Pattaya_Central,Watermelon Ice,45.0,12,540.0,LM-RC000,92450,exact_duplicate,
2026-02-16,10,0,BKK_Ladprao,Guava Ice,49.0,4,196.0,LM-RC000,92514,exact_duplicate,
2026-05-16,18,5,BKK_Sukhumvit,passionfruit ice,65.0,2,130.0,LM-RC000,93015,exact_duplicate,
2026-05-05,23,1,Pattaya_Central,pineapple ice,39.2,15,588.0,LM-RC102,93135,exact_duplicate,
2026-06-02,9,1,Pattaya_Central,สัปปะรดปั่น,49.0,4,196.0,LM-RC000,93145,exact_duplicate,
2025-11-24,10,0,Pattaya_Central,เสาวรสปั่นเข้มข้น,65.0,3,195.0,GB-RC000,93342,exact_duplicate,
2025-12-13,13,5,Pattaya_Central,ฝรั่งปั่น,49.0,2,98.0,LM-RC000,93352,exact_duplicate,
2025-11-11,18,1,BKK_Ladprao,เสาวรสปั่นเข้มข้น,52.0,2,104.0,LM-RC102,94101,exact_duplicate,
2026-04-11,13,5,Pattaya_Central,เบอร์รี่ปั่นพรีเมียม,75.65,7,529.55,GB-RC101-MB,94831,exact_duplicate,
2026-03-10,9,1,Pattaya_Central,watermelon ice,45.0,7,315.0,GB-RC000,95254,exact_duplicate,
2026-06-01,19,0,Pattaya_Central,pineapple ice,49.0,6,294.0,GB-RC000,95282,exact_duplicate,
2026-06-29,21,0,BKK_Ladprao,ฝรั่งปั่น (ใส่เกลือ),49.0,1,49.0,LM-RC000,95674,exact_duplicate,
2026-06-14,21,6,BKK_Sukhumvit,สับปะรดปั่น,49.0,7,343.0,GB-RC000,95913,exact_duplicate,
2026-06-10,19,2,Pattaya_Beach,Mixed Berry Premium,89.0,1,89.0,LM-RC000,95922,exact_duplicate,
2026-02-28,6,5,Pattaya_Beach,สัปปะรดปั่น,49.0,4,196.0,GB-RC000,95949,exact_duplicate,
2025-11-14,20,4,Pattaya_Beach,Watermelon Ice,45.0,7,315.0,GB-RC000,96193,exact_duplicate,
2026-03-29,18,6,Pattaya_Beach,watermelon ice,45.0,10,450.0,LM-RC000,96300,exact_duplicate,
2026-01-29,4,3,Pattaya_Central,Watermelon Smoothie,45.0,1,45.0,GB-RC000,96437,exact_duplicate,
2026-06-15,16,0,BKK_Ladprao,แตงโมปั่น (ไซส์ M),45.0,2,90.0,GB-RC000,96690,exact_duplicate,
2026-02-14,11,5,Pattaya_Beach,สับปะรดปั่น,49.0,12,588.0,GB-RC000,96822,exact_duplicate,
2026-03-24,7,1,BKK_Sukhumvit,เบอร์รี่รวมพรีเมียม,89.0,1,89.0,LM-RC000,97318,exact_duplicate,
2026-03-27,15,4,BKK_Ladprao,guava ice,49.0,6,294.0,GB-RC000,97893,exact_duplicate,
2026-03-17,11,1,BKK_Ladprao,เบอร์รี่รวมพรีเมียม,89.0,4,356.0,GB-RC000,97989,exact_duplicate,
2026-01-25,14,6,Pattaya_Beach,เสาวรสปั่น,65.0,3,195.0,GB-RC000,98134,exact_duplicate,
2026-05-07,14,3,BKK_Ladprao,ฝรั่งปั่น (ใส่เกลือ),49.0,1,49.0,GB-RC000,98509,exact_duplicate,
2026-06-05,19,4,Pattaya_Central,Passion Fruit Ice,57.2,4,228.8,GB-RC103,98569,exact_duplicate,
2026-02-12,18,3,Pattaya_Beach,ฝรั่งปั่น,49.0,3,147.0,LM-RC000,98672,exact_duplicate,
2026-03-26,13,3,BKK_Ladprao,แตงโมปั่น,45.0,8,360.0,LM-RC000,98889,exact_duplicate,
2026-04-14,10,1,BKK_Sukhumvit,berry premium smoothie,89.0,6,534.0,GB-RC000,99442,exact_duplicate,
2026-04-21,9,1,BKK_Sukhumvit,Guava Smoothie,49.0,3,147.0,LM-RC000,99586,exact_duplicate,
2026-04-14,3,1,Pattaya_Beach,ฝรั่งปั่น,49.0,1,49.0,LM-RC000,100421,exact_duplicate,
2026-05-13,15,2,BKK_Sukhumvit,Mixed Berry Premium,89.0,2,178.0,GB-RC000,100452,exact_duplicate,
2026-08-21,17,4,BKK_Sukhumvit,passionfruit ice,65.0,2,130.0,LM-RC000,100892,exact_duplicate,
2025-10-05,20,6,Pattaya_Central,Pineapple smoothie ,49.0,9,441.0,GB-RC000,101163,exact_duplicate,
2026-08-04,22,1,Pattaya_Beach,แตงโมปั่น,45.0,7,315.0,LM-RC000,101391,exact_duplicate,
2026-08-14,7,4,BKK_Sukhumvit,ฝรั่งปั่น,49.0,1,49.0,GB-RC000,101400,exact_duplicate,
2026-04-01,15,2,Pattaya_Central,ฝรั่งปั่น,49.0,7,343.0,LM-RC000,101801,exact_duplicate,
2026-08-23,23,6,Pattaya_Beach,Guava Smoothie,43.12,4,172.48,LM-RC103,101979,exact_duplicate,
2026-04-07,0,1,BKK_Ladprao,ฝรั่งปั่น,49.0,1,49.0,GB-RC000,102213,exact_duplicate,
2026-03-16,11,0,BKK_Sukhumvit,Mixed Berry Premium,89.0,6,534.0,GB-RC000,102311,exact_duplicate,
2026-07-22,11,2,BKK_Sukhumvit,pineapple ice,49.0,9,441.0,GB-RC000,102401,exact_duplicate,
2026-01-11,21,6,BKK_Sukhumvit,แตงโมปั่น (ไซส์ M),45.0,7,315.0,LM-RC000,102430,exact_duplicate,
2026-01-04,16,6,BKK_Ladprao,แตงโมปั่นสด,45.0,8,360.0,LM-RC000,102717,exact_duplicate,
2026-03-15,23,6,Pattaya_Central,แก้วเปล่า,35.0,3,105.0,LM-RC000,103067,exact_duplicate,
2026-06-24,13,2,BKK_Sukhumvit,Passion Fruit Ice,65.0,2,130.0,LM-RC000,103447,exact_duplicate,
2026-05-09,7,5,Pattaya_Beach,แตงโมปั่นสด,45.0,2,90.0,LM-RC000,103468,exact_duplicate,
2025-10-23,6,3,Pattaya_Central,ฝรั่งปั่น,49.0,1,49.0,LM-RC000,103549,exact_duplicate,
2026-03-23,20,0,BKK_Sukhumvit,berry premium smoothie,89.0,5,445.0,GB-RC000,103699,exact_duplicate,
2026-08-15,8,5,BKK_Sukhumvit,Watermelon Ice,45.0,2,90.0,GB-RC000,103804,exact_duplicate,
2026-04-12,20,6,Pattaya_Beach,passionfruit ice,65.0,6,390.0,LM-RC000,104219,exact_duplicate,
2025-11-16,8,6,Pattaya_Beach,แตงโมปั่นสด,45.0,8,360.0,GB-RC000,104309,exact_duplicate,
2025-11-02,8,6,BKK_Sukhumvit,Watermelon Smoothie,45.0,2,90.0,LM-RC000,104408,exact_duplicate,
2025-10-18,19,5,BKK_Ladprao,Watermelon Ice,45.0,4,180.0,GB-RC000,104949,exact_duplicate,
2026-07-04,7,5,Pattaya_Beach,เบอร์รี่รวมพรีเมียม,89.0,1,89.0,LM-RC000,105074,exact_duplicate,
2026-01-03,8,5,Pattaya_Central,Watermelon smoothy,45.0,11,495.0,GB-RC000,105394,exact_duplicate,
2026-07-03,1,4,BKK_Sukhumvit,แตงโมปั่น,45.0,1,45.0,LM-RC000,105476,exact_duplicate,
2026-06-24,16,2,Pattaya_Central,berry premium smoothie,89.0,5,445.0,LM-RC000,105556,exact_duplicate,
2026-08-21,12,4,BKK_Sukhumvit,Guava Ice,49.0,10,490.0,LM-RC000,105589,exact_duplicate,
2025-12-03,8,2,Pattaya_Central,Watermelon smoothy,45.0,5,225.0,GB-RC000,105595,exact_duplicate,
2026-06-22,13,0,Pattaya_Beach,Guava Ice,49.0,1,49.0,LM-RC000,105903,exact_duplicate,
2026-03-14,20,5,Pattaya_Central,berry premium smoothie,89.0,4,356.0,GB-RC000,105965,exact_duplicate,
2026-05-04,19,0,BKK_Sukhumvit,Guava Smoothie,49.0,7,343.0,GB-RC000,106311,exact_duplicate,
2026-06-16,19,1,Pattaya_Beach,Watermelon Ice,45.0,11,495.0,GB-RC000,106599,exact_duplicate,
2026-05-07,11,3,Pattaya_Central,ฝรั่งปั่น (ใส่เกลือ),49.0,2,98.0,GB-RC000,106893,exact_duplicate,
2026-02-19,1,3,Pattaya_Beach,guava ice,49.0,1,49.0,LM-RC000,106979,exact_duplicate,
2025-12-26,20,4,Pattaya_Beach,Guava Ice,49.0,1,49.0,LM-RC000,107152,exact_duplicate,
2026-06-17,20,2,Pattaya_Central,watermelon ice,39.6,15,594.0,LM-RC103,107543,exact_duplicate,
2026-08-06,17,3,Pattaya_Beach,น้ำส้มปั่น (เมนูทดลอง),99.0,3,297.0,GB-RC000,107666,exact_duplicate,
2026-03-04,0,2,Pattaya_Central,Pineapple Smoothie,49.0,5,245.0,LM-RC000,107895,exact_duplicate,
2026-04-12,13,6,BKK_Sukhumvit,guava ice,49.0,9,441.0,LM-RC000,108264,exact_duplicate,
2025-12-13,16,5,Pattaya_Beach,Pineapple smoothie ,49.0,8,392.0,LM-RC000,108283,exact_duplicate,
2026-01-18,8,6,BKK_Ladprao,แตงโมปั่น,45.0,2,90.0,GB-RC000,108307,exact_duplicate,
2026-01-30,11,4,BKK_Ladprao,สัปปะรดปั่น,49.0,7,343.0,LM-RC000,108523,exact_duplicate,
2026-02-07,8,5,BKK_Sukhumvit,Passion Fruit Ice,65.0,2,130.0,LM-RC000,108700,exact_duplicate,
2025-09-26,1,4,BKK_Ladprao,Watermelon smoothy,45.0,2,90.0,LM-RC000,108822,exact_duplicate,
2026-02-28,18,5,BKK_Sukhumvit,แตงโมปั่น (ไซส์ M),45.0,8,360.0,GB-RC000,108825,exact_duplicate,
2025-09-18,12,3,Pattaya_Central,pineapple ice,49.0,11,539.0,LM-RC000,108835,exact_duplicate,
2025-12-31,13,2,Pattaya_Central,แตงโมปั่น,45.0,12,540.0,LM-RC000,109078,exact_duplicate,
2026-06-01,11,0,Pattaya_Beach,Passion Fruit Smoothie,65.0,2,130.0,LM-RC000,109477,exact_duplicate,
2026-08-25,17,1,BKK_Ladprao,แตงโมปั่น,45.0,7,315.0,LM-RC000,109739,exact_duplicate,
2025-12-17,15,2,BKK_Ladprao,Passion Fruit Smoothie,65.0,1,65.0,LM-RC000,110131,exact_duplicate,
2026-06-23,16,1,BKK_Ladprao,Pineapple Ice,49.0,2,98.0,GB-RC000,110223,exact_duplicate,
2025-11-16,12,6,BKK_Sukhumvit,Passion Fruit Smoothie,65.0,4,260.0,LM-RC000,110225,exact_duplicate,
2026-07-16,16,3,BKK_Ladprao,เสาวรสปั่น,65.0,2,130.0,LM-RC000,110307,exact_duplicate,
2026-03-06,23,4,Pattaya_Beach,แตงโมปั่น,45.0,11,495.0,LM-RC000,110331,exact_duplicate,
2026-01-09,13,4,BKK_Ladprao,สับปะรดปั่น,49.0,4,196.0,LM-RC000,110338,exact_duplicate,
2026-05-17,16,6,Pattaya_Central,Watermelon smoothy,45.0,21,945.0,GB-RC000,110521,exact_duplicate,
2025-10-01,13,2,BKK_Sukhumvit,Guava Smoothie,49.0,7,343.0,LM-RC000,111419,exact_duplicate,
2026-01-02,4,4,BKK_Ladprao,แตงโมปั่นสด,45.0,1,45.0,GB-RC000,111421,exact_duplicate,
2025-10-21,3,1,BKK_Sukhumvit,guava ice,49.0,1,49.0,LM-RC000,111492,exact_duplicate,
2026-07-02,10,3,Pattaya_Central,pineapple ice,49.0,3,147.0,GB-RC000,111696,exact_duplicate,
2026-01-20,21,1,BKK_Ladprao,แตงโมปั่น (ไซส์ M),45.0,6,270.0,GB-RC000,111805,exact_duplicate,
2025-11-25,17,1,BKK_Ladprao,Guava Smoothie,49.0,4,196.0,LM-RC000,112277,exact_duplicate,
2025-11-19,20,2,BKK_Ladprao,guava ice,49.0,2,98.0,LM-RC000,112576,exact_duplicate,
2026-03-18,15,2,BKK_Ladprao,passionfruit ice,65.0,2,130.0,LM-RC000,112605,exact_duplicate,
2026-04-03,11,4,Pattaya_Central,Pineapple Ice,49.0,16,784.0,LM-RC000,112660,exact_duplicate,
2026-02-13,20,4,BKK_Ladprao,เสาวรสปั่น,65.0,3,195.0,GB-RC000,112796,exact_duplicate,
2026-06-18,20,3,Pattaya_Beach,เบอร์รี่รวมพรีเมียม,89.0,1,89.0,GB-RC000,112797,exact_duplicate,
2026-04-07,20,1,Pattaya_Beach,เสาวรสปั่น,65.0,5,325.0,LM-RC000,112840,exact_duplicate,
2026-03-10,17,1,BKK_Sukhumvit,Pineapple Ice,49.0,10,490.0,LM-RC000,112847,exact_duplicate,
2026-05-16,20,5,Pattaya_Beach,pineapple ice,49.0,3,147.0,LM-RC000,112894,exact_duplicate,
2026-01-18,12,6,Pattaya_Beach,เสาวรสปั่น,65.0,7,455.0,GB-RC000,113490,exact_duplicate,
2026-04-01,2,2,BKK_Ladprao,แตงโมปั่น (ไซส์ M),45.0,1,45.0,LM-RC000,113897,exact_duplicate,
2025-12-25,21,3,BKK_Sukhumvit,Passion Fruit Ice,65.0,4,260.0,LM-RC000,113959,exact_duplicate,
2025-11-01,22,5,BKK_Sukhumvit,Watermelon smoothy,45.0,14,630.0,LM-RC000,114062,exact_duplicate,
2026-06-24,22,2,BKK_Ladprao,Pineapple Smoothie,49.0,5,245.0,LM-RC000,114483,exact_duplicate,
2026-01-12,0,0,BKK_Ladprao,passionfruit ice,65.0,1,65.0,GB-RC000,114575,exact_duplicate,
2025-12-21,6,6,Pattaya_Beach,ฝรั่งปั่น (ใส่เกลือ),49.0,1,49.0,LM-RC000,114620,exact_duplicate,
2025-11-22,17,5,Pattaya_Central,guava ice,49.0,10,490.0,LM-RC000,114689,exact_duplicate,
2026-06-18,1,3,Pattaya_Beach,แตงโมปั่น,45.0,3,135.0,LM-RC000,114895,exact_duplicate,
2026-02-06,14,4,Pattaya_Central,Passion Fruit Ice,65.0,3,195.0,LM-RC000,114932,exact_duplicate,
2026-05-03,23,6,BKK_Sukhumvit,Pineapple Smoothie,49.0,6,294.0,GB-RC000,115540,exact_duplicate,
2025-10-16,10,3,BKK_Ladprao,pineapple ice,49.0,4,196.0,GB-RC000,115790,exact_duplicate,
2026-05-21,0,3,Pattaya_Central,guava ice,49.0,3,147.0,LM-RC000,115921,exact_duplicate,
2026-06-04,13,3,Pattaya_Central,สัปปะรดปั่น,49.0,9,441.0,LM-RC000,116201,exact_duplicate,
2026-04-13,11,0,BKK_Ladprao,ฝรั่งปั่น,49.0,8,392.0,LM-RC000,116363,exact_duplicate,
2026-03-24,12,1,Pattaya_Beach,Mixed Berry Premium,89.0,4,356.0,GB-RC000,116862,exact_duplicate,
2025-10-21,16,1,Pattaya_Central,แตงโมปั่นสด,45.0,11,495.0,GB-RC000,116889,exact_duplicate,
2026-03-15,3,6,Pattaya_Central,guava ice,49.0,1,49.0,GB-RC000,117004,exact_duplicate,
2026-05-29,13,4,Pattaya_Central,สัปปะรดปั่น,49.0,9,441.0,LM-RC000,117199,exact_duplicate,
2025-10-13,13,0,BKK_Sukhumvit,Passion Fruit Smoothie,65.0,4,260.0,LM-RC000,117221,exact_duplicate,
2025-10-03,11,4,Pattaya_Central,ฝรั่งปั่น (ใส่เกลือ),49.0,7,343.0,GB-RC000,117342,exact_duplicate,
2026-06-18,0,3,Pattaya_Central,เสาวรสปั่น,65.0,1,65.0,LM-RC000,117368,exact_duplicate,
2026-04-21,10,1,BKK_Sukhumvit,Guava Smoothie,49.0,1,49.0,LM-RC000,117641,exact_duplicate,
2025-12-27,0,5,BKK_Sukhumvit,Passion Fruit Ice,65.0,2,130.0,LM-RC000,117874,exact_duplicate,
2026-02-19,9,3,BKK_Sukhumvit,passionfruit ice,65.0,1,65.0,LM-RC000,117998,exact_duplicate,
2026-07-23,11,3,Pattaya_Central,Guava Smoothie,49.0,4,196.0,GB-RC000,118076,exact_duplicate,
2025-09-02,23,1,BKK_Ladprao,สัปปะรดปั่น,49.0,5,245.0,GB-RC000,118089,exact_duplicate,
2026-06-04,18,3,BKK_Ladprao,Pineapple Ice,49.0,2,98.0,LM-RC000,118178,exact_duplicate,
2026-08-10,18,0,BKK_Ladprao,Pineapple Smoothie,43.12,1,43.12,GB-RC103,118227,exact_duplicate,
2026-04-04,23,5,Pattaya_Beach,เบอร์รี่รวมพรีเมียม,71.2,4,284.8,LM-RC102,118251,exact_duplicate,
2026-02-16,7,0,BKK_Sukhumvit,แตงโมปั่น (ไซส์ M),45.0,1,45.0,GB-RC000,118264,exact_duplicate,
2025-12-03,14,2,Pattaya_Beach,เสาวรสปั่นเข้มข้น,65.0,3,195.0,LM-RC000,118293,exact_duplicate,
2026-03-13,23,4,BKK_Sukhumvit,เสาวรสปั่นเข้มข้น,65.0,1,65.0,GB-RC000,118721,exact_duplicate,
2026-08-22,16,5,BKK_Sukhumvit,Guava Smoothie,49.0,4,196.0,LM-RC000,118820,exact_duplicate,
2026-08-01,10,5,BKK_Sukhumvit,แตงโมปั่นสด,45.0,6,270.0,GB-RC000,118829,exact_duplicate,
2026-02-06,2,4,BKK_Sukhumvit,เสาวรสปั่น,65.0,1,65.0,LM-RC000,118900,exact_duplicate,
2025-10-23,22,3,BKK_Sukhumvit,แตงโมปั่น (ไซส์ M),45.0,7,315.0,LM-RC000,119169,exact_duplicate,
2026-07-19,6,6,Pattaya_Central,น้ำส้มปั่น (เมนูทดลอง),59.0,1,59.0,LM-RC000,119564,exact_duplicate,
2026-07-20,13,0,Pattaya_Beach,แตงโมปั่น (ไซส์ M),45.0,12,540.0,LM-RC000,119754,exact_duplicate,
2026-01-30,2,4,BKK_Sukhumvit,Watermelon Ice,45.0,2,90.0,LM-RC000,120096,exact_duplicate,
2026-07-03,23,4,BKK_Sukhumvit,สับปะรดปั่น,49.0,5,245.0,LM-RC000,120121,exact_duplicate,
2025-10-28,1,1,Pattaya_Central,Watermelon smoothy,45.0,2,90.0,GB-RC000,120329,exact_duplicate,
2026-04-25,10,5,BKK_Sukhumvit,Passion Fruit Ice,65.0,3,195.0,LM-RC000,120494,exact_duplicate,
2025-12-20,13,5,Pattaya_Beach,แตงโมปั่น (ไซส์ M),45.0,17,765.0,GB-RC000,120543,exact_duplicate,
2025-09-08,23,0,Pattaya_Central,Pineapple Ice,49.0,4,196.0,LM-RC000,120708,exact_duplicate,
2026-02-14,21,5,BKK_Sukhumvit,ฝรั่งปั่น (ใส่เกลือ),49.0,5,245.0,GB-RC000,120738,exact_duplicate,
2026-02-02,9,0,Pattaya_Beach,watermelon ice,36.0,8,288.0,LM-RC102,120784,exact_duplicate,
2026-06-23,16,1,Pattaya_Beach,แตงโมปั่น (ไซส์ M),45.0,8,360.0,LM-RC000,120861,exact_duplicate,
2026-03-11,6,2,BKK_Sukhumvit,Pineapple Smoothie,49.0,2,98.0,LM-RC000,121050,exact_duplicate,
2026-02-20,8,4,Pattaya_Central,Watermelon smoothy,45.0,4,180.0,GB-RC000,121387,exact_duplicate,
2025-09-05,6,4,Pattaya_Central,สับปะรดปั่น,41.65,1,41.65,LM-RC101-PA,121753,exact_duplicate,
2026-03-18,0,2,Pattaya_Central,Mixed Berry Premium,89.0,1,89.0,GB-RC000,122065,exact_duplicate,
2025-12-16,10,1,BKK_Sukhumvit,Watermelon smoothy,45.0,2,90.0,GB-RC000,122141,exact_duplicate,
2025-12-23,23,1,BKK_Ladprao,passionfruit ice,65.0,1,65.0,LM-RC000,122708,exact_duplicate,
2025-11-04,23,1,Pattaya_Central,guava ice,49.0,6,294.0,GB-RC000,122967,exact_duplicate,
2025-12-23,19,1,Pattaya_Central,Watermelon Ice,45.0,8,360.0,GB-RC000,123108,exact_duplicate,
2026-08-29,23,5,Pattaya_Central,pineapple ice,49.0,9,441.0,GB-RC000,123194,exact_duplicate,
2025-10-05,22,6,Pattaya_Beach,Passion Fruit Ice,65.0,4,260.0,GB-RC000,123251,exact_duplicate,
2026-08-05,12,2,BKK_Ladprao,เสาวรสปั่น,65.0,3,195.0,LM-RC000,123435,exact_duplicate,
2026-06-04,23,3,Pattaya_Central,pineapple ice,49.0,6,294.0,LM-RC000,123717,exact_duplicate,
2026-07-22,20,2,Pattaya_Beach,Guava Smoothie,49.0,4,196.0,GB-RC000,123719,exact_duplicate,
2025-12-11,22,3,BKK_Ladprao,ฝรั่งปั่น,49.0,4,196.0,GB-RC000,123860,exact_duplicate,
2025-12-19,18,4,BKK_Ladprao,สับปะรดปั่น,49.0,7,343.0,LM-RC000,124082,exact_duplicate,
2025-10-21,10,1,BKK_Ladprao,สับปะรดปั่น,49.0,3,147.0,LM-RC000,124195,exact_duplicate,
2026-08-17,23,0,BKK_Ladprao,Watermelon smoothy,45.0,3,135.0,GB-RC000,124267,exact_duplicate,
2025-11-15,22,5,BKK_Ladprao,แก้วเปล่า,59.0,1,59.0,GB-RC000,369,outside_five_menu_scope,
2026-04-22,1,2,Pattaya_Central,น้ำส้มปั่น (เมนูทดลอง),99.0,1,99.0,LM-RC000,824,outside_five_menu_scope,
2025-11-05,16,2,BKK_Ladprao,แก้วเปล่า,35.0,1,35.0,GB-RC000,1014,outside_five_menu_scope,
2025-10-23,18,3,BKK_Sukhumvit,Combo Set A (2 แก้ว),35.0,2,70.0,LM-RC000,1221,outside_five_menu_scope,
2025-09-24,3,2,Pattaya_Beach,แก้วเปล่า,0.0,3,0.0,LM-RC000,1502,outside_five_menu_scope,
2026-05-08,13,4,Pattaya_Central,น้ำส้มปั่น (เมนูทดลอง),0.0,3,0.0,LM-RC000,1763,outside_five_menu_scope,
2026-02-17,17,1,Pattaya_Beach,แก้วเปล่า,59.0,1,59.0,GB-RC000,2031,outside_five_menu_scope,
2026-05-29,1,4,BKK_Ladprao,แก้วเปล่า,99.0,2,198.0,GB-RC000,2651,outside_five_menu_scope,
2025-12-08,23,0,Pattaya_Beach,น้ำส้มปั่น (เมนูทดลอง),59.0,3,177.0,LM-RC000,3716,outside_five_menu_scope,
2026-02-05,7,3,Pattaya_Beach,Combo Set A (2 แก้ว),59.0,1,59.0,GB-RC000,3770,outside_five_menu_scope,
2026-03-18,11,2,Pattaya_Central,Combo Set A (2 แก้ว),59.0,2,118.0,GB-RC000,3828,outside_five_menu_scope,
2026-02-24,17,1,Pattaya_Beach,Combo Set A (2 แก้ว),0.0,2,0.0,LM-RC000,4009,outside_five_menu_scope,
2026-06-21,12,6,Pattaya_Beach,Combo Set A (2 แก้ว),35.0,3,105.0,GB-RC000,4231,outside_five_menu_scope,
2026-07-24,13,4,Pattaya_Beach,น้ำส้มปั่น (เมนูทดลอง),59.0,3,177.0,LM-RC000,4569,outside_five_menu_scope,
2026-08-10,5,0,Pattaya_Central,น้ำส้มปั่น (เมนูทดลอง),99.0,3,297.0,GB-RC000,5438,outside_five_menu_scope,
2025-12-24,20,2,Pattaya_Beach,Combo Set A (2 แก้ว),99.0,2,198.0,GB-RC000,5472,outside_five_menu_scope,
2026-03-14,21,5,BKK_Sukhumvit,Combo Set A (2 แก้ว),99.0,3,297.0,GB-RC000,5624,outside_five_menu_scope,
2025-10-18,20,5,Pattaya_Central,Combo Set A (2 แก้ว),99.0,3,297.0,GB-RC000,6165,outside_five_menu_scope,
2026-08-15,15,5,Pattaya_Central,แก้วเปล่า,59.0,1,59.0,GB-RC000,6201,outside_five_menu_scope,
2025-11-03,18,0,BKK_Sukhumvit,Combo Set A (2 แก้ว),35.0,3,105.0,GB-RC000,6281,outside_five_menu_scope,
2025-10-17,14,4,BKK_Sukhumvit,น้ำส้มปั่น (เมนูทดลอง),99.0,1,99.0,LM-RC000,6468,outside_five_menu_scope,
2026-07-15,15,2,Pattaya_Central,Combo Set A (2 แก้ว),59.0,2,118.0,GB-RC000,6472,outside_five_menu_scope,
2026-06-27,12,5,Pattaya_Beach,น้ำส้มปั่น (เมนูทดลอง),59.0,1,59.0,LM-RC000,7419,outside_five_menu_scope,
2026-08-05,22,2,Pattaya_Central,แก้วเปล่า,0.0,3,0.0,LM-RC000,7541,outside_five_menu_scope,
2025-11-03,0,0,BKK_Sukhumvit,Combo Set A (2 แก้ว),59.0,2,118.0,LM-RC000,7645,outside_five_menu_scope,
2026-07-15,9,2,Pattaya_Beach,Combo Set A (2 แก้ว),0.0,1,0.0,GB-RC000,8591,outside_five_menu_scope,
2026-03-01,4,6,BKK_Sukhumvit,Combo Set A (2 แก้ว),59.0,1,59.0,GB-RC000,8621,outside_five_menu_scope,
2026-05-26,2,1,BKK_Ladprao,น้ำส้มปั่น (เมนูทดลอง),35.0,3,105.0,LM-RC000,10041,outside_five_menu_scope,
2026-05-13,13,2,Pattaya_Central,แก้วเปล่า,99.0,3,297.0,LM-RC000,10261,outside_five_menu_scope,
2026-03-06,7,4,BKK_Ladprao,แก้วเปล่า,35.0,3,105.0,LM-RC000,10442,outside_five_menu_scope,
2026-01-09,13,4,Pattaya_Beach,แก้วเปล่า,59.0,3,177.0,LM-RC000,11775,outside_five_menu_scope,
2025-10-26,14,6,BKK_Ladprao,น้ำส้มปั่น (เมนูทดลอง),99.0,3,297.0,LM-RC000,12692,outside_five_menu_scope,
2025-11-16,7,6,Pattaya_Central,น้ำส้มปั่น (เมนูทดลอง),99.0,2,198.0,LM-RC000,12784,outside_five_menu_scope,
2026-01-03,14,5,Pattaya_Beach,น้ำส้มปั่น (เมนูทดลอง),99.0,1,99.0,LM-RC000,13094,outside_five_menu_scope,
2026-04-18,3,5,Pattaya_Central,Combo Set A (2 แก้ว),59.0,1,59.0,LM-RC000,13320,outside_five_menu_scope,
2026-07-02,17,3,BKK_Ladprao,น้ำส้มปั่น (เมนูทดลอง),35.0,2,70.0,GB-RC000,13522,outside_five_menu_scope,
2026-06-21,23,6,BKK_Sukhumvit,น้ำส้มปั่น (เมนูทดลอง),59.0,3,177.0,GB-RC000,13951,outside_five_menu_scope,
2026-03-03,15,1,Pattaya_Beach,Combo Set A (2 แก้ว),0.0,1,0.0,GB-RC000,14148,outside_five_menu_scope,
2025-12-02,1,1,BKK_Sukhumvit,แก้วเปล่า,35.0,2,70.0,GB-RC000,14596,outside_five_menu_scope,
2026-03-23,17,0,BKK_Sukhumvit,น้ำส้มปั่น (เมนูทดลอง),0.0,1,0.0,GB-RC000,14673,outside_five_menu_scope,
2026-06-24,0,2,BKK_Ladprao,แก้วเปล่า,99.0,1,99.0,LM-RC000,15457,outside_five_menu_scope,
2026-06-23,16,1,BKK_Sukhumvit,Combo Set A (2 แก้ว),99.0,1,99.0,LM-RC000,15526,outside_five_menu_scope,
2026-06-07,10,6,Pattaya_Central,Combo Set A (2 แก้ว),99.0,2,198.0,LM-RC000,15650,outside_five_menu_scope,
2026-06-21,11,6,Pattaya_Central,แก้วเปล่า,35.0,1,35.0,GB-RC000,15847,outside_five_menu_scope,
2025-09-07,6,6,BKK_Ladprao,Combo Set A (2 แก้ว),99.0,3,297.0,GB-RC000,16825,outside_five_menu_scope,
2025-11-06,19,3,Pattaya_Beach,น้ำส้มปั่น (เมนูทดลอง),35.0,1,35.0,LM-RC000,16884,outside_five_menu_scope,
2026-04-20,7,0,BKK_Ladprao,น้ำส้มปั่น (เมนูทดลอง),59.0,2,118.0,LM-RC000,17522,outside_five_menu_scope,
2026-03-30,6,0,BKK_Sukhumvit,น้ำส้มปั่น (เมนูทดลอง),99.0,1,99.0,LM-RC000,17946,outside_five_menu_scope,
2025-11-27,22,3,BKK_Ladprao,น้ำส้มปั่น (เมนูทดลอง),99.0,1,99.0,LM-RC000,18051,outside_five_menu_scope,
2026-07-12,14,6,Pattaya_Central,น้ำส้มปั่น (เมนูทดลอง),59.0,1,59.0,LM-RC000,18346,outside_five_menu_scope,
2025-09-19,16,4,Pattaya_Central,แก้วเปล่า,59.0,2,118.0,LM-RC000,18813,outside_five_menu_scope,
2026-08-22,17,5,BKK_Ladprao,น้ำส้มปั่น (เมนูทดลอง),99.0,1,99.0,GB-RC000,19370,outside_five_menu_scope,
2025-10-11,19,5,Pattaya_Central,น้ำส้มปั่น (เมนูทดลอง),0.0,3,0.0,LM-RC000,19479,outside_five_menu_scope,
2026-08-25,2,1,Pattaya_Central,Combo Set A (2 แก้ว),35.0,2,70.0,GB-RC000,20014,outside_five_menu_scope,
2025-11-06,12,3,BKK_Ladprao,Combo Set A (2 แก้ว),0.0,1,0.0,LM-RC000,20914,outside_five_menu_scope,
2026-02-01,22,6,Pattaya_Central,น้ำส้มปั่น (เมนูทดลอง),35.0,1,35.0,LM-RC000,21344,outside_five_menu_scope,
2026-08-07,11,4,Pattaya_Central,น้ำส้มปั่น (เมนูทดลอง),35.0,1,35.0,LM-RC000,21595,outside_five_menu_scope,
2026-03-06,23,4,Pattaya_Beach,น้ำส้มปั่น (เมนูทดลอง),0.0,1,0.0,LM-RC000,21928,outside_five_menu_scope,
2026-02-24,23,1,BKK_Sukhumvit,แก้วเปล่า,35.0,3,105.0,GB-RC000,22320,outside_five_menu_scope,
2025-11-06,17,3,BKK_Sukhumvit,Combo Set A (2 แก้ว),99.0,2,198.0,GB-RC000,22329,outside_five_menu_scope,
2026-02-07,19,5,Pattaya_Central,น้ำส้มปั่น (เมนูทดลอง),0.0,3,0.0,GB-RC000,22414,outside_five_menu_scope,
2025-11-13,11,3,Pattaya_Beach,น้ำส้มปั่น (เมนูทดลอง),35.0,2,70.0,LM-RC000,22441,outside_five_menu_scope,
2026-05-06,18,2,BKK_Sukhumvit,แก้วเปล่า,99.0,2,198.0,GB-RC000,22909,outside_five_menu_scope,
2026-08-10,23,0,Pattaya_Central,Combo Set A (2 แก้ว),59.0,2,118.0,LM-RC000,23679,outside_five_menu_scope,
2025-10-29,2,2,BKK_Sukhumvit,แก้วเปล่า,59.0,3,177.0,GB-RC000,23759,outside_five_menu_scope,
2025-10-25,8,5,BKK_Ladprao,Combo Set A (2 แก้ว),59.0,3,177.0,LM-RC000,24128,outside_five_menu_scope,
2026-04-30,23,3,Pattaya_Central,แก้วเปล่า,59.0,3,177.0,LM-RC000,24491,outside_five_menu_scope,
2025-09-06,15,5,Pattaya_Central,แก้วเปล่า,0.0,1,0.0,LM-RC000,24607,outside_five_menu_scope,
2025-09-01,23,0,Pattaya_Central,แก้วเปล่า,0.0,3,0.0,GB-RC000,25164,outside_five_menu_scope,
2026-03-14,1,5,BKK_Ladprao,แก้วเปล่า,0.0,2,0.0,LM-RC000,25392,outside_five_menu_scope,
2025-10-11,12,5,Pattaya_Beach,Combo Set A (2 แก้ว),0.0,1,0.0,LM-RC000,25585,outside_five_menu_scope,
2026-03-28,10,5,Pattaya_Central,แก้วเปล่า,0.0,3,0.0,GB-RC000,25979,outside_five_menu_scope,
2026-06-26,11,4,BKK_Ladprao,แก้วเปล่า,99.0,1,99.0,GB-RC000,26060,outside_five_menu_scope,
2026-08-14,12,4,BKK_Ladprao,แก้วเปล่า,99.0,3,297.0,GB-RC000,26206,outside_five_menu_scope,
2026-05-21,21,3,BKK_Sukhumvit,แก้วเปล่า,0.0,3,0.0,GB-RC000,26566,outside_five_menu_scope,
2026-06-01,12,0,BKK_Sukhumvit,น้ำส้มปั่น (เมนูทดลอง),99.0,3,297.0,GB-RC000,26788,outside_five_menu_scope,
2026-07-20,0,0,BKK_Sukhumvit,น้ำส้มปั่น (เมนูทดลอง),35.0,3,105.0,GB-RC000,26995,outside_five_menu_scope,
2026-04-16,19,3,BKK_Sukhumvit,แก้วเปล่า,99.0,3,297.0,GB-RC000,27073,outside_five_menu_scope,
2026-05-25,12,0,Pattaya_Central,Combo Set A (2 แก้ว),0.0,1,0.0,GB-RC000,27358,outside_five_menu_scope,
2025-09-15,11,0,BKK_Sukhumvit,น้ำส้มปั่น (เมนูทดลอง),35.0,1,35.0,GB-RC000,27360,outside_five_menu_scope,
2026-05-30,2,5,Pattaya_Central,น้ำส้มปั่น (เมนูทดลอง),0.0,3,0.0,LM-RC000,27536,outside_five_menu_scope,
2026-01-10,16,5,Pattaya_Beach,น้ำส้มปั่น (เมนูทดลอง),59.0,2,118.0,LM-RC000,29127,outside_five_menu_scope,
2025-10-31,22,4,Pattaya_Beach,แก้วเปล่า,59.0,3,177.0,LM-RC000,29601,outside_five_menu_scope,
2025-12-27,12,5,Pattaya_Central,แก้วเปล่า,0.0,3,0.0,LM-RC000,29679,outside_five_menu_scope,
2025-11-16,23,6,Pattaya_Central,น้ำส้มปั่น (เมนูทดลอง),0.0,3,0.0,LM-RC000,30016,outside_five_menu_scope,
2025-09-23,21,1,Pattaya_Central,Combo Set A (2 แก้ว),35.0,2,70.0,LM-RC000,30243,outside_five_menu_scope,
2026-01-25,2,6,Pattaya_Beach,แก้วเปล่า,0.0,2,0.0,LM-RC000,30404,outside_five_menu_scope,
2025-10-09,20,3,BKK_Ladprao,แก้วเปล่า,99.0,2,198.0,GB-RC000,31344,outside_five_menu_scope,
2025-11-18,3,1,Pattaya_Central,น้ำส้มปั่น (เมนูทดลอง),59.0,3,177.0,LM-RC000,31810,outside_five_menu_scope,
2025-11-12,20,2,BKK_Sukhumvit,แก้วเปล่า,35.0,3,105.0,LM-RC000,32425,outside_five_menu_scope,
2025-10-05,9,6,Pattaya_Beach,Combo Set A (2 แก้ว),0.0,2,0.0,GB-RC000,32621,outside_five_menu_scope,
2026-07-19,23,6,Pattaya_Beach,Combo Set A (2 แก้ว),59.0,1,59.0,LM-RC000,32814,outside_five_menu_scope,
2025-11-19,15,2,Pattaya_Beach,แก้วเปล่า,0.0,3,0.0,GB-RC000,33082,outside_five_menu_scope,
2025-10-14,9,1,Pattaya_Central,Combo Set A (2 แก้ว),0.0,1,0.0,GB-RC000,33380,outside_five_menu_scope,
2025-11-09,23,6,BKK_Ladprao,น้ำส้มปั่น (เมนูทดลอง),99.0,2,198.0,LM-RC000,33391,outside_five_menu_scope,
2026-05-19,21,1,Pattaya_Central,น้ำส้มปั่น (เมนูทดลอง),99.0,1,99.0,GB-RC000,33407,outside_five_menu_scope,
2026-01-21,22,2,BKK_Sukhumvit,แก้วเปล่า,99.0,3,297.0,GB-RC000,33455,outside_five_menu_scope,
2026-08-28,7,4,Pattaya_Beach,Combo Set A (2 แก้ว),0.0,2,0.0,GB-RC000,33522,outside_five_menu_scope,
2026-06-02,13,1,Pattaya_Beach,น้ำส้มปั่น (เมนูทดลอง),35.0,1,35.0,GB-RC000,33623,outside_five_menu_scope,
2026-03-02,15,0,BKK_Ladprao,แก้วเปล่า,59.0,3,177.0,GB-RC000,34017,outside_five_menu_scope,
2026-07-30,18,3,BKK_Sukhumvit,Combo Set A (2 แก้ว),59.0,3,177.0,GB-RC000,34316,outside_five_menu_scope,
2026-05-01,4,4,BKK_Sukhumvit,แก้วเปล่า,59.0,2,118.0,GB-RC000,34390,outside_five_menu_scope,
2025-09-21,13,6,Pattaya_Central,น้ำส้มปั่น (เมนูทดลอง),35.0,2,70.0,LM-RC000,35151,outside_five_menu_scope,
2026-04-04,16,5,BKK_Ladprao,Combo Set A (2 แก้ว),35.0,3,105.0,GB-RC000,35649,outside_five_menu_scope,
2026-08-31,22,0,Pattaya_Beach,แก้วเปล่า,35.0,1,35.0,LM-RC000,35795,outside_five_menu_scope,
2026-03-15,23,6,Pattaya_Central,แก้วเปล่า,35.0,3,105.0,LM-RC000,36017,outside_five_menu_scope,
2026-08-14,7,4,BKK_Ladprao,น้ำส้มปั่น (เมนูทดลอง),99.0,1,99.0,LM-RC000,36052,outside_five_menu_scope,
2026-05-01,1,4,BKK_Sukhumvit,น้ำส้มปั่น (เมนูทดลอง),0.0,1,0.0,LM-RC000,36080,outside_five_menu_scope,
2026-05-28,11,3,Pattaya_Beach,น้ำส้มปั่น (เมนูทดลอง),99.0,3,297.0,LM-RC000,36126,outside_five_menu_scope,
2026-06-21,11,6,Pattaya_Central,Combo Set A (2 แก้ว),59.0,1,59.0,GB-RC000,36201,outside_five_menu_scope,
2026-04-10,20,4,BKK_Ladprao,น้ำส้มปั่น (เมนูทดลอง),35.0,2,70.0,LM-RC000,37005,outside_five_menu_scope,
2026-08-12,23,2,Pattaya_Central,แก้วเปล่า,99.0,2,198.0,GB-RC000,37276,outside_five_menu_scope,
2025-10-16,1,3,BKK_Sukhumvit,Combo Set A (2 แก้ว),0.0,2,0.0,LM-RC000,37320,outside_five_menu_scope,
2026-07-19,6,6,Pattaya_Central,น้ำส้มปั่น (เมนูทดลอง),59.0,1,59.0,LM-RC000,37914,outside_five_menu_scope,
2026-01-24,1,5,Pattaya_Central,แก้วเปล่า,59.0,3,177.0,LM-RC000,37984,outside_five_menu_scope,
2025-10-08,6,2,BKK_Sukhumvit,น้ำส้มปั่น (เมนูทดลอง),59.0,2,118.0,GB-RC000,38097,outside_five_menu_scope,
2025-11-30,5,6,Pattaya_Central,น้ำส้มปั่น (เมนูทดลอง),59.0,3,177.0,LM-RC000,38324,outside_five_menu_scope,
2025-12-06,11,5,BKK_Ladprao,น้ำส้มปั่น (เมนูทดลอง),35.0,1,35.0,GB-RC000,38529,outside_five_menu_scope,
2026-06-06,20,5,Pattaya_Central,น้ำส้มปั่น (เมนูทดลอง),99.0,1,99.0,LM-RC000,39660,outside_five_menu_scope,
2025-09-20,11,5,BKK_Sukhumvit,น้ำส้มปั่น (เมนูทดลอง),35.0,1,35.0,LM-RC000,40460,outside_five_menu_scope,
2025-11-27,13,3,BKK_Ladprao,แก้วเปล่า,99.0,1,99.0,GB-RC000,40709,outside_five_menu_scope,
2026-08-21,9,4,BKK_Sukhumvit,Combo Set A (2 แก้ว),35.0,3,105.0,GB-RC000,40739,outside_five_menu_scope,
2025-10-30,12,3,Pattaya_Beach,แก้วเปล่า,0.0,3,0.0,GB-RC000,42104,outside_five_menu_scope,
2025-09-24,9,2,Pattaya_Central,Combo Set A (2 แก้ว),0.0,3,0.0,LM-RC000,42663,outside_five_menu_scope,
2025-12-22,9,0,Pattaya_Beach,แก้วเปล่า,35.0,2,70.0,LM-RC000,43256,outside_five_menu_scope,
2026-04-28,13,1,BKK_Sukhumvit,Combo Set A (2 แก้ว),0.0,2,0.0,LM-RC000,43340,outside_five_menu_scope,
2026-04-16,15,3,BKK_Sukhumvit,น้ำส้มปั่น (เมนูทดลอง),59.0,2,118.0,GB-RC000,43767,outside_five_menu_scope,
2026-06-12,2,4,BKK_Sukhumvit,Combo Set A (2 แก้ว),0.0,1,0.0,GB-RC000,44772,outside_five_menu_scope,
2026-08-06,17,3,BKK_Sukhumvit,Combo Set A (2 แก้ว),59.0,2,118.0,GB-RC000,44999,outside_five_menu_scope,
2026-07-03,22,4,Pattaya_Beach,แก้วเปล่า,0.0,2,0.0,GB-RC000,45081,outside_five_menu_scope,
2026-07-09,22,3,BKK_Sukhumvit,น้ำส้มปั่น (เมนูทดลอง),0.0,3,0.0,LM-RC000,45129,outside_five_menu_scope,
2026-06-27,18,5,Pattaya_Beach,น้ำส้มปั่น (เมนูทดลอง),99.0,2,198.0,GB-RC000,45219,outside_five_menu_scope,
2026-08-06,18,3,BKK_Ladprao,แก้วเปล่า,0.0,3,0.0,LM-RC000,45538,outside_five_menu_scope,
2026-05-25,16,0,BKK_Sukhumvit,น้ำส้มปั่น (เมนูทดลอง),99.0,3,297.0,LM-RC000,45660,outside_five_menu_scope,
2025-12-02,1,1,BKK_Sukhumvit,แก้วเปล่า,99.0,3,297.0,LM-RC000,45759,outside_five_menu_scope,
2026-01-02,19,4,Pattaya_Beach,น้ำส้มปั่น (เมนูทดลอง),59.0,1,59.0,LM-RC000,46035,outside_five_menu_scope,
2026-08-26,3,2,Pattaya_Beach,Combo Set A (2 แก้ว),0.0,1,0.0,LM-RC000,46062,outside_five_menu_scope,
2026-05-06,3,2,BKK_Sukhumvit,น้ำส้มปั่น (เมนูทดลอง),99.0,1,99.0,GB-RC000,46815,outside_five_menu_scope,
2026-04-19,15,6,Pattaya_Central,น้ำส้มปั่น (เมนูทดลอง),99.0,1,99.0,GB-RC000,46879,outside_five_menu_scope,
2025-12-06,14,5,Pattaya_Central,แก้วเปล่า,35.0,3,105.0,LM-RC000,46931,outside_five_menu_scope,
2026-06-23,20,1,BKK_Sukhumvit,แก้วเปล่า,0.0,1,0.0,GB-RC000,47152,outside_five_menu_scope,
2025-10-22,16,2,BKK_Ladprao,น้ำส้มปั่น (เมนูทดลอง),99.0,1,99.0,GB-RC000,47431,outside_five_menu_scope,
2026-04-28,7,1,BKK_Sukhumvit,Combo Set A (2 แก้ว),99.0,1,99.0,LM-RC000,47584,outside_five_menu_scope,
2026-04-13,22,0,Pattaya_Beach,Combo Set A (2 แก้ว),35.0,2,70.0,LM-RC000,48954,outside_five_menu_scope,
2026-03-22,19,6,BKK_Ladprao,น้ำส้มปั่น (เมนูทดลอง),99.0,2,198.0,LM-RC000,48980,outside_five_menu_scope,
2025-12-25,14,3,BKK_Sukhumvit,น้ำส้มปั่น (เมนูทดลอง),35.0,3,105.0,GB-RC000,49150,outside_five_menu_scope,
2026-02-25,7,2,BKK_Sukhumvit,น้ำส้มปั่น (เมนูทดลอง),99.0,3,297.0,LM-RC000,49189,outside_five_menu_scope,
2026-06-16,22,1,Pattaya_Central,น้ำส้มปั่น (เมนูทดลอง),59.0,3,177.0,GB-RC000,49941,outside_five_menu_scope,
2026-01-30,22,4,BKK_Ladprao,แก้วเปล่า,59.0,3,177.0,GB-RC000,50667,outside_five_menu_scope,
2026-08-24,15,0,BKK_Sukhumvit,Combo Set A (2 แก้ว),59.0,2,118.0,LM-RC000,51200,outside_five_menu_scope,
2026-05-29,21,4,Pattaya_Central,แก้วเปล่า,99.0,1,99.0,GB-RC000,51281,outside_five_menu_scope,
2025-10-25,0,5,Pattaya_Beach,น้ำส้มปั่น (เมนูทดลอง),99.0,3,297.0,LM-RC000,51309,outside_five_menu_scope,
2026-06-24,11,2,BKK_Sukhumvit,น้ำส้มปั่น (เมนูทดลอง),99.0,1,99.0,LM-RC000,51513,outside_five_menu_scope,
2025-10-18,7,5,BKK_Ladprao,แก้วเปล่า,99.0,1,99.0,LM-RC000,51544,outside_five_menu_scope,
2026-02-08,13,6,BKK_Ladprao,แก้วเปล่า,59.0,3,177.0,LM-RC000,51931,outside_five_menu_scope,
2025-09-26,9,4,BKK_Sukhumvit,แก้วเปล่า,59.0,3,177.0,LM-RC000,51956,outside_five_menu_scope,
2026-05-25,8,0,BKK_Ladprao,Combo Set A (2 แก้ว),59.0,1,59.0,GB-RC000,52116,outside_five_menu_scope,
2026-04-18,22,5,BKK_Sukhumvit,Combo Set A (2 แก้ว),99.0,2,198.0,LM-RC000,52261,outside_five_menu_scope,
2026-04-17,17,4,Pattaya_Beach,Combo Set A (2 แก้ว),35.0,1,35.0,LM-RC000,52680,outside_five_menu_scope,
2026-08-31,22,0,Pattaya_Beach,น้ำส้มปั่น (เมนูทดลอง),0.0,3,0.0,LM-RC000,52877,outside_five_menu_scope,
2025-10-27,11,0,Pattaya_Central,น้ำส้มปั่น (เมนูทดลอง),35.0,3,105.0,LM-RC000,52995,outside_five_menu_scope,
2025-10-22,7,2,Pattaya_Beach,Combo Set A (2 แก้ว),99.0,1,99.0,GB-RC000,53945,outside_five_menu_scope,
2026-05-11,15,0,Pattaya_Beach,น้ำส้มปั่น (เมนูทดลอง),59.0,3,177.0,GB-RC000,54064,outside_five_menu_scope,
2025-11-07,13,4,Pattaya_Central,น้ำส้มปั่น (เมนูทดลอง),99.0,3,297.0,LM-RC000,55105,outside_five_menu_scope,
2026-05-23,8,5,Pattaya_Central,Combo Set A (2 แก้ว),59.0,2,118.0,GB-RC000,55109,outside_five_menu_scope,
2025-10-21,6,1,Pattaya_Central,น้ำส้มปั่น (เมนูทดลอง),0.0,2,0.0,GB-RC000,55390,outside_five_menu_scope,
2025-09-14,20,6,BKK_Sukhumvit,Combo Set A (2 แก้ว),0.0,3,0.0,LM-RC000,55891,outside_five_menu_scope,
2026-06-09,21,1,BKK_Sukhumvit,น้ำส้มปั่น (เมนูทดลอง),35.0,2,70.0,GB-RC000,55897,outside_five_menu_scope,
2026-02-28,9,5,Pattaya_Central,แก้วเปล่า,35.0,2,70.0,GB-RC000,56049,outside_five_menu_scope,
2026-01-31,21,5,Pattaya_Central,น้ำส้มปั่น (เมนูทดลอง),59.0,2,118.0,LM-RC000,56064,outside_five_menu_scope,
2026-04-17,20,4,BKK_Ladprao,น้ำส้มปั่น (เมนูทดลอง),0.0,3,0.0,GB-RC000,56369,outside_five_menu_scope,
2026-04-11,5,5,BKK_Sukhumvit,Combo Set A (2 แก้ว),99.0,1,99.0,GB-RC000,56452,outside_five_menu_scope,
2025-11-12,6,2,Pattaya_Central,แก้วเปล่า,99.0,3,297.0,LM-RC000,56614,outside_five_menu_scope,
2026-04-21,14,1,BKK_Ladprao,น้ำส้มปั่น (เมนูทดลอง),35.0,1,35.0,LM-RC000,56996,outside_five_menu_scope,
2026-04-14,22,1,BKK_Ladprao,น้ำส้มปั่น (เมนูทดลอง),0.0,2,0.0,LM-RC000,57134,outside_five_menu_scope,
2026-03-30,1,0,BKK_Sukhumvit,น้ำส้มปั่น (เมนูทดลอง),35.0,2,70.0,LM-RC000,57143,outside_five_menu_scope,
2026-07-06,6,0,Pattaya_Central,น้ำส้มปั่น (เมนูทดลอง),59.0,3,177.0,LM-RC000,58491,outside_five_menu_scope,
2026-04-14,23,1,BKK_Ladprao,Combo Set A (2 แก้ว),59.0,2,118.0,LM-RC000,58534,outside_five_menu_scope,
2026-08-06,17,3,Pattaya_Beach,น้ำส้มปั่น (เมนูทดลอง),99.0,3,297.0,GB-RC000,58733,outside_five_menu_scope,
2026-04-28,9,1,BKK_Ladprao,แก้วเปล่า,59.0,3,177.0,GB-RC000,59656,outside_five_menu_scope,
2026-05-03,22,6,Pattaya_Central,Combo Set A (2 แก้ว),35.0,1,35.0,GB-RC000,59716,outside_five_menu_scope,
2025-12-01,8,0,Pattaya_Beach,น้ำส้มปั่น (เมนูทดลอง),59.0,3,177.0,LM-RC000,59848,outside_five_menu_scope,
2025-12-06,17,5,Pattaya_Beach,แก้วเปล่า,0.0,2,0.0,GB-RC000,60443,outside_five_menu_scope,
2026-07-08,13,2,Pattaya_Central,แก้วเปล่า,99.0,1,99.0,LM-RC000,60667,outside_five_menu_scope,
2026-05-27,0,2,BKK_Ladprao,แก้วเปล่า,99.0,2,198.0,LM-RC000,60730,outside_five_menu_scope,
2025-12-24,6,2,BKK_Sukhumvit,Combo Set A (2 แก้ว),35.0,3,105.0,LM-RC000,60765,outside_five_menu_scope,
2025-10-06,20,0,BKK_Sukhumvit,Combo Set A (2 แก้ว),99.0,2,198.0,GB-RC000,61078,outside_five_menu_scope,
2025-12-24,11,2,Pattaya_Central,Combo Set A (2 แก้ว),0.0,3,0.0,LM-RC000,61215,outside_five_menu_scope,
2026-08-25,8,1,Pattaya_Central,แก้วเปล่า,59.0,1,59.0,GB-RC000,61926,outside_five_menu_scope,
2026-04-21,14,1,Pattaya_Beach,น้ำส้มปั่น (เมนูทดลอง),59.0,3,177.0,GB-RC000,62142,outside_five_menu_scope,
2025-10-27,21,0,Pattaya_Central,น้ำส้มปั่น (เมนูทดลอง),59.0,1,59.0,GB-RC000,62340,outside_five_menu_scope,
2026-07-24,22,4,Pattaya_Central,Combo Set A (2 แก้ว),35.0,1,35.0,LM-RC000,62897,outside_five_menu_scope,
2026-05-05,10,1,Pattaya_Beach,Combo Set A (2 แก้ว),35.0,1,35.0,GB-RC000,62924,outside_five_menu_scope,
2025-10-17,19,4,BKK_Ladprao,Combo Set A (2 แก้ว),0.0,2,0.0,LM-RC000,63448,outside_five_menu_scope,
2026-05-14,9,3,Pattaya_Beach,น้ำส้มปั่น (เมนูทดลอง),59.0,3,177.0,GB-RC000,63517,outside_five_menu_scope,
2026-04-11,23,5,BKK_Sukhumvit,น้ำส้มปั่น (เมนูทดลอง),35.0,2,70.0,GB-RC000,64101,outside_five_menu_scope,
2026-05-05,12,1,BKK_Ladprao,Combo Set A (2 แก้ว),35.0,1,35.0,GB-RC000,64365,outside_five_menu_scope,
2025-11-02,16,6,Pattaya_Central,น้ำส้มปั่น (เมนูทดลอง),35.0,2,70.0,GB-RC000,64733,outside_five_menu_scope,
2026-07-15,11,2,Pattaya_Beach,น้ำส้มปั่น (เมนูทดลอง),59.0,1,59.0,GB-RC000,65208,outside_five_menu_scope,
2025-09-30,16,1,BKK_Sukhumvit,Combo Set A (2 แก้ว),59.0,1,59.0,GB-RC000,65995,outside_five_menu_scope,
2025-10-04,5,5,BKK_Sukhumvit,น้ำส้มปั่น (เมนูทดลอง),59.0,3,177.0,GB-RC000,66217,outside_five_menu_scope,
2026-02-20,8,4,BKK_Sukhumvit,แก้วเปล่า,59.0,1,59.0,LM-RC000,66233,outside_five_menu_scope,
2025-10-17,5,4,Pattaya_Beach,Combo Set A (2 แก้ว),59.0,1,59.0,LM-RC000,66326,outside_five_menu_scope,
2025-11-04,2,1,Pattaya_Beach,Combo Set A (2 แก้ว),0.0,1,0.0,LM-RC000,66716,outside_five_menu_scope,
2026-03-02,3,0,Pattaya_Beach,น้ำส้มปั่น (เมนูทดลอง),99.0,2,198.0,GB-RC000,67052,outside_five_menu_scope,
2025-09-01,19,0,Pattaya_Beach,Combo Set A (2 แก้ว),99.0,3,297.0,GB-RC000,67067,outside_five_menu_scope,
2026-05-17,18,6,Pattaya_Central,น้ำส้มปั่น (เมนูทดลอง),35.0,3,105.0,LM-RC000,67706,outside_five_menu_scope,
2025-11-28,16,4,Pattaya_Beach,น้ำส้มปั่น (เมนูทดลอง),59.0,3,177.0,GB-RC000,68156,outside_five_menu_scope,
2026-05-07,20,3,BKK_Sukhumvit,Combo Set A (2 แก้ว),59.0,2,118.0,GB-RC000,68277,outside_five_menu_scope,
2026-04-07,23,1,Pattaya_Beach,น้ำส้มปั่น (เมนูทดลอง),59.0,3,177.0,LM-RC000,68525,outside_five_menu_scope,
2025-12-03,21,2,BKK_Sukhumvit,น้ำส้มปั่น (เมนูทดลอง),35.0,2,70.0,GB-RC000,68769,outside_five_menu_scope,
2026-02-18,3,2,Pattaya_Beach,Combo Set A (2 แก้ว),99.0,1,99.0,LM-RC000,69000,outside_five_menu_scope,
2025-10-31,12,4,Pattaya_Central,Combo Set A (2 แก้ว),0.0,2,0.0,GB-RC000,69144,outside_five_menu_scope,
2025-09-22,11,0,BKK_Ladprao,น้ำส้มปั่น (เมนูทดลอง),0.0,2,0.0,LM-RC000,69149,outside_five_menu_scope,
2025-11-18,3,1,Pattaya_Beach,Combo Set A (2 แก้ว),0.0,1,0.0,GB-RC000,69897,outside_five_menu_scope,
2025-11-25,7,1,Pattaya_Central,น้ำส้มปั่น (เมนูทดลอง),59.0,3,177.0,GB-RC000,69989,outside_five_menu_scope,
2026-02-18,14,2,Pattaya_Beach,Combo Set A (2 แก้ว),59.0,1,59.0,LM-RC000,69991,outside_five_menu_scope,
2026-03-26,10,3,Pattaya_Beach,น้ำส้มปั่น (เมนูทดลอง),35.0,2,70.0,GB-RC000,70082,outside_five_menu_scope,
2026-04-29,15,2,Pattaya_Central,น้ำส้มปั่น (เมนูทดลอง),59.0,3,177.0,LM-RC000,70443,outside_five_menu_scope,
2026-02-14,12,5,BKK_Ladprao,แก้วเปล่า,0.0,3,0.0,LM-RC000,70446,outside_five_menu_scope,
2026-05-29,10,4,BKK_Ladprao,Combo Set A (2 แก้ว),99.0,3,297.0,LM-RC000,70462,outside_five_menu_scope,
2025-10-10,9,4,BKK_Sukhumvit,Combo Set A (2 แก้ว),35.0,2,70.0,GB-RC000,72910,outside_five_menu_scope,
2025-12-12,7,4,Pattaya_Central,น้ำส้มปั่น (เมนูทดลอง),59.0,2,118.0,LM-RC000,72979,outside_five_menu_scope,
2026-02-16,18,0,BKK_Ladprao,Combo Set A (2 แก้ว),99.0,3,297.0,GB-RC000,73660,outside_five_menu_scope,
2026-08-31,11,0,Pattaya_Beach,น้ำส้มปั่น (เมนูทดลอง),59.0,2,118.0,LM-RC000,73977,outside_five_menu_scope,
2026-08-21,17,4,Pattaya_Central,น้ำส้มปั่น (เมนูทดลอง),0.0,1,0.0,GB-RC000,74149,outside_five_menu_scope,
2026-02-20,8,4,Pattaya_Central,น้ำส้มปั่น (เมนูทดลอง),59.0,1,59.0,GB-RC000,74310,outside_five_menu_scope,
2026-06-18,18,3,Pattaya_Beach,แก้วเปล่า,99.0,1,99.0,GB-RC000,74837,outside_five_menu_scope,
2026-06-04,19,3,Pattaya_Central,Combo Set A (2 แก้ว),0.0,1,0.0,GB-RC000,75839,outside_five_menu_scope,
2026-05-04,7,0,Pattaya_Central,น้ำส้มปั่น (เมนูทดลอง),99.0,3,297.0,LM-RC000,76138,outside_five_menu_scope,
2026-06-15,4,0,BKK_Ladprao,Combo Set A (2 แก้ว),0.0,3,0.0,LM-RC000,76754,outside_five_menu_scope,
2025-12-11,14,3,Pattaya_Central,แก้วเปล่า,35.0,2,70.0,LM-RC000,77642,outside_five_menu_scope,
2026-03-09,15,0,BKK_Sukhumvit,แก้วเปล่า,59.0,1,59.0,LM-RC000,77886,outside_five_menu_scope,
2025-12-30,23,1,BKK_Sukhumvit,แก้วเปล่า,59.0,2,118.0,LM-RC000,78144,outside_five_menu_scope,
2026-03-08,17,6,BKK_Ladprao,แก้วเปล่า,99.0,2,198.0,LM-RC000,78621,outside_five_menu_scope,
2026-06-30,21,1,BKK_Ladprao,น้ำส้มปั่น (เมนูทดลอง),59.0,1,59.0,GB-RC000,78647,outside_five_menu_scope,
2025-09-19,22,4,BKK_Ladprao,แก้วเปล่า,59.0,2,118.0,LM-RC000,78744,outside_five_menu_scope,
2026-02-21,1,5,Pattaya_Beach,Combo Set A (2 แก้ว),99.0,3,297.0,GB-RC000,78967,outside_five_menu_scope,
2026-04-03,0,4,Pattaya_Central,Combo Set A (2 แก้ว),99.0,2,198.0,GB-RC000,79125,outside_five_menu_scope,
2025-12-16,9,1,BKK_Sukhumvit,น้ำส้มปั่น (เมนูทดลอง),35.0,2,70.0,LM-RC000,79173,outside_five_menu_scope,
2026-07-27,16,0,BKK_Sukhumvit,แก้วเปล่า,0.0,3,0.0,LM-RC000,79379,outside_five_menu_scope,
2026-03-02,7,0,BKK_Sukhumvit,Combo Set A (2 แก้ว),99.0,2,198.0,GB-RC000,79677,outside_five_menu_scope,
2026-08-18,16,1,Pattaya_Central,น้ำส้มปั่น (เมนูทดลอง),99.0,2,198.0,LM-RC000,79738,outside_five_menu_scope,
2025-10-10,11,4,BKK_Ladprao,น้ำส้มปั่น (เมนูทดลอง),0.0,3,0.0,GB-RC000,80053,outside_five_menu_scope,
2026-08-03,11,0,Pattaya_Central,แก้วเปล่า,59.0,2,118.0,LM-RC000,80161,outside_five_menu_scope,
2026-06-27,20,5,Pattaya_Central,Combo Set A (2 แก้ว),99.0,3,297.0,LM-RC000,80606,outside_five_menu_scope,
2026-07-26,7,6,BKK_Sukhumvit,Combo Set A (2 แก้ว),0.0,2,0.0,LM-RC000,80791,outside_five_menu_scope,
2026-03-06,10,4,BKK_Ladprao,น้ำส้มปั่น (เมนูทดลอง),59.0,2,118.0,LM-RC000,82012,outside_five_menu_scope,
2026-04-26,17,6,Pattaya_Beach,แก้วเปล่า,0.0,1,0.0,GB-RC000,82533,outside_five_menu_scope,
2026-06-11,0,3,Pattaya_Central,แก้วเปล่า,0.0,3,0.0,GB-RC000,83316,outside_five_menu_scope,
2026-02-05,12,3,Pattaya_Central,แก้วเปล่า,35.0,1,35.0,GB-RC000,84556,outside_five_menu_scope,
2025-10-26,0,6,Pattaya_Central,Combo Set A (2 แก้ว),0.0,1,0.0,GB-RC000,85016,outside_five_menu_scope,
2026-06-22,20,0,Pattaya_Central,น้ำส้มปั่น (เมนูทดลอง),35.0,3,105.0,GB-RC000,85312,outside_five_menu_scope,
2026-04-05,18,6,Pattaya_Central,แก้วเปล่า,35.0,1,35.0,LM-RC000,85417,outside_five_menu_scope,
2026-01-17,11,5,Pattaya_Central,แก้วเปล่า,35.0,3,105.0,GB-RC000,85797,outside_five_menu_scope,
2026-02-21,20,5,Pattaya_Central,แก้วเปล่า,99.0,1,99.0,GB-RC000,85815,outside_five_menu_scope,
2025-09-23,8,1,Pattaya_Beach,Combo Set A (2 แก้ว),35.0,3,105.0,GB-RC000,85924,outside_five_menu_scope,
2026-07-12,20,6,BKK_Ladprao,แก้วเปล่า,0.0,3,0.0,LM-RC000,86183,outside_five_menu_scope,
2026-02-11,15,2,Pattaya_Central,แก้วเปล่า,59.0,2,118.0,GB-RC000,86272,outside_five_menu_scope,
2026-08-05,18,2,Pattaya_Central,แก้วเปล่า,59.0,3,177.0,GB-RC000,86605,outside_five_menu_scope,
2026-05-25,10,0,BKK_Sukhumvit,Combo Set A (2 แก้ว),0.0,1,0.0,LM-RC000,87526,outside_five_menu_scope,
2026-03-13,23,4,Pattaya_Beach,Combo Set A (2 แก้ว),99.0,2,198.0,GB-RC000,87554,outside_five_menu_scope,
2026-01-03,23,5,Pattaya_Central,แก้วเปล่า,35.0,3,105.0,GB-RC000,87614,outside_five_menu_scope,
2025-10-08,12,2,Pattaya_Beach,แก้วเปล่า,35.0,3,105.0,GB-RC000,87911,outside_five_menu_scope,
2026-03-21,14,5,Pattaya_Central,น้ำส้มปั่น (เมนูทดลอง),99.0,2,198.0,GB-RC000,88151,outside_five_menu_scope,
2026-06-20,11,5,BKK_Sukhumvit,น้ำส้มปั่น (เมนูทดลอง),35.0,3,105.0,LM-RC000,88867,outside_five_menu_scope,
2026-05-30,23,5,BKK_Sukhumvit,น้ำส้มปั่น (เมนูทดลอง),99.0,1,99.0,LM-RC000,89008,outside_five_menu_scope,
2026-08-02,0,6,BKK_Sukhumvit,Combo Set A (2 แก้ว),59.0,3,177.0,GB-RC000,89158,outside_five_menu_scope,
2025-12-15,17,0,BKK_Sukhumvit,Combo Set A (2 แก้ว),35.0,3,105.0,LM-RC000,89254,outside_five_menu_scope,
2026-03-24,12,1,BKK_Ladprao,แก้วเปล่า,59.0,1,59.0,LM-RC000,89834,outside_five_menu_scope,
2026-05-10,19,6,Pattaya_Central,แก้วเปล่า,0.0,2,0.0,LM-RC000,89947,outside_five_menu_scope,
2026-01-18,16,6,BKK_Ladprao,แก้วเปล่า,59.0,3,177.0,GB-RC000,90063,outside_five_menu_scope,
2026-07-01,19,2,Pattaya_Central,Combo Set A (2 แก้ว),99.0,1,99.0,GB-RC000,90512,outside_five_menu_scope,
2026-05-05,21,1,BKK_Ladprao,น้ำส้มปั่น (เมนูทดลอง),59.0,2,118.0,LM-RC000,91179,outside_five_menu_scope,
2026-03-16,17,0,Pattaya_Central,Combo Set A (2 แก้ว),59.0,1,59.0,LM-RC000,91346,outside_five_menu_scope,
2026-04-17,18,4,Pattaya_Beach,Combo Set A (2 แก้ว),35.0,3,105.0,GB-RC000,91450,outside_five_menu_scope,
2026-08-22,9,5,BKK_Sukhumvit,Combo Set A (2 แก้ว),35.0,3,105.0,LM-RC000,91592,outside_five_menu_scope,
2025-11-22,5,5,Pattaya_Beach,Combo Set A (2 แก้ว),35.0,3,105.0,LM-RC000,91859,outside_five_menu_scope,
2026-01-27,16,1,BKK_Ladprao,Combo Set A (2 แก้ว),35.0,2,70.0,GB-RC000,92070,outside_five_menu_scope,
2025-12-09,23,1,BKK_Sukhumvit,Combo Set A (2 แก้ว),0.0,2,0.0,LM-RC000,92240,outside_five_menu_scope,
2025-12-01,23,0,BKK_Sukhumvit,Combo Set A (2 แก้ว),59.0,2,118.0,LM-RC000,93358,outside_five_menu_scope,
2025-09-17,12,2,Pattaya_Central,แก้วเปล่า,0.0,2,0.0,LM-RC000,93673,outside_five_menu_scope,
2026-02-03,18,1,BKK_Ladprao,แก้วเปล่า,0.0,2,0.0,GB-RC000,93829,outside_five_menu_scope,
2026-01-13,20,1,BKK_Ladprao,Combo Set A (2 แก้ว),35.0,2,70.0,GB-RC000,94674,outside_five_menu_scope,
2026-01-12,4,0,Pattaya_Beach,Combo Set A (2 แก้ว),99.0,2,198.0,GB-RC000,94710,outside_five_menu_scope,
2026-01-04,12,6,Pattaya_Central,แก้วเปล่า,99.0,3,297.0,GB-RC000,94788,outside_five_menu_scope,
2026-08-31,18,0,BKK_Ladprao,Combo Set A (2 แก้ว),0.0,1,0.0,LM-RC000,94979,outside_five_menu_scope,
2026-01-14,22,2,Pattaya_Beach,แก้วเปล่า,0.0,1,0.0,GB-RC000,95423,outside_five_menu_scope,
2026-05-08,12,4,BKK_Ladprao,แก้วเปล่า,59.0,2,118.0,LM-RC000,95495,outside_five_menu_scope,
2026-03-28,18,5,BKK_Sukhumvit,น้ำส้มปั่น (เมนูทดลอง),0.0,1,0.0,GB-RC000,95908,outside_five_menu_scope,
2026-05-18,3,0,BKK_Ladprao,Combo Set A (2 แก้ว),35.0,3,105.0,LM-RC000,95917,outside_five_menu_scope,
2026-06-15,18,0,BKK_Ladprao,น้ำส้มปั่น (เมนูทดลอง),99.0,1,99.0,GB-RC000,96048,outside_five_menu_scope,
2026-07-25,16,5,Pattaya_Central,น้ำส้มปั่น (เมนูทดลอง),0.0,1,0.0,LM-RC000,96092,outside_five_menu_scope,
2025-10-14,8,1,Pattaya_Beach,น้ำส้มปั่น (เมนูทดลอง),35.0,3,105.0,GB-RC000,96111,outside_five_menu_scope,
2026-08-30,12,6,Pattaya_Beach,แก้วเปล่า,99.0,3,297.0,LM-RC000,96241,outside_five_menu_scope,
2025-09-08,11,0,Pattaya_Central,Combo Set A (2 แก้ว),0.0,1,0.0,GB-RC000,96800,outside_five_menu_scope,
2026-06-16,11,1,Pattaya_Beach,แก้วเปล่า,59.0,1,59.0,GB-RC000,96818,outside_five_menu_scope,
2025-11-16,17,6,BKK_Sukhumvit,Combo Set A (2 แก้ว),35.0,3,105.0,LM-RC000,97019,outside_five_menu_scope,
2025-09-13,2,5,BKK_Sukhumvit,น้ำส้มปั่น (เมนูทดลอง),99.0,3,297.0,GB-RC000,97032,outside_five_menu_scope,
2026-05-11,16,0,BKK_Sukhumvit,Combo Set A (2 แก้ว),99.0,2,198.0,GB-RC000,97086,outside_five_menu_scope,
2026-08-02,7,6,Pattaya_Central,แก้วเปล่า,99.0,2,198.0,LM-RC000,97556,outside_five_menu_scope,
2026-07-03,15,4,BKK_Ladprao,แก้วเปล่า,99.0,3,297.0,GB-RC000,97600,outside_five_menu_scope,
2025-12-13,2,5,BKK_Sukhumvit,Combo Set A (2 แก้ว),0.0,2,0.0,LM-RC000,98130,outside_five_menu_scope,
2026-02-06,1,4,BKK_Sukhumvit,น้ำส้มปั่น (เมนูทดลอง),35.0,1,35.0,LM-RC000,99173,outside_five_menu_scope,
2025-10-14,11,1,BKK_Sukhumvit,Combo Set A (2 แก้ว),59.0,2,118.0,GB-RC000,99227,outside_five_menu_scope,
2026-02-06,17,4,Pattaya_Central,แก้วเปล่า,59.0,3,177.0,GB-RC000,99659,outside_five_menu_scope,
2026-05-31,10,6,Pattaya_Beach,แก้วเปล่า,35.0,1,35.0,LM-RC000,99963,outside_five_menu_scope,
2026-06-08,4,0,BKK_Sukhumvit,Combo Set A (2 แก้ว),99.0,1,99.0,LM-RC000,100225,outside_five_menu_scope,
2026-04-27,8,0,BKK_Ladprao,แก้วเปล่า,59.0,2,118.0,GB-RC000,100818,outside_five_menu_scope,
2026-08-13,13,3,BKK_Ladprao,Combo Set A (2 แก้ว),0.0,2,0.0,LM-RC000,102318,outside_five_menu_scope,
2026-07-22,14,2,BKK_Sukhumvit,น้ำส้มปั่น (เมนูทดลอง),0.0,3,0.0,GB-RC000,102704,outside_five_menu_scope,
2026-08-25,13,1,BKK_Sukhumvit,น้ำส้มปั่น (เมนูทดลอง),0.0,2,0.0,GB-RC000,103223,outside_five_menu_scope,
2025-11-27,7,3,Pattaya_Beach,แก้วเปล่า,0.0,2,0.0,LM-RC000,103907,outside_five_menu_scope,
2026-08-08,8,5,BKK_Sukhumvit,น้ำส้มปั่น (เมนูทดลอง),99.0,1,99.0,LM-RC000,104468,outside_five_menu_scope,
2026-08-25,23,1,Pattaya_Central,แก้วเปล่า,59.0,1,59.0,LM-RC000,105167,outside_five_menu_scope,
2025-11-02,10,6,BKK_Ladprao,Combo Set A (2 แก้ว),99.0,3,297.0,GB-RC000,105375,outside_five_menu_scope,
2026-05-23,9,5,Pattaya_Beach,แก้วเปล่า,59.0,2,118.0,GB-RC000,105625,outside_five_menu_scope,
2025-11-21,10,4,Pattaya_Central,น้ำส้มปั่น (เมนูทดลอง),35.0,2,70.0,GB-RC000,105649,outside_five_menu_scope,
2026-02-01,19,6,Pattaya_Central,แก้วเปล่า,99.0,2,198.0,LM-RC000,105653,outside_five_menu_scope,
2026-04-29,9,2,BKK_Sukhumvit,น้ำส้มปั่น (เมนูทดลอง),0.0,1,0.0,GB-RC000,105825,outside_five_menu_scope,
2026-08-15,20,5,Pattaya_Beach,น้ำส้มปั่น (เมนูทดลอง),35.0,3,105.0,GB-RC000,106051,outside_five_menu_scope,
2025-10-08,17,2,Pattaya_Central,Combo Set A (2 แก้ว),59.0,3,177.0,LM-RC000,106057,outside_five_menu_scope,
2025-11-27,21,3,Pattaya_Central,น้ำส้มปั่น (เมนูทดลอง),59.0,2,118.0,LM-RC000,106178,outside_five_menu_scope,
2026-01-28,13,2,BKK_Sukhumvit,น้ำส้มปั่น (เมนูทดลอง),35.0,2,70.0,LM-RC000,107215,outside_five_menu_scope,
2026-06-20,20,5,BKK_Ladprao,Combo Set A (2 แก้ว),35.0,1,35.0,GB-RC000,107291,outside_five_menu_scope,
2026-07-17,8,4,Pattaya_Central,แก้วเปล่า,35.0,2,70.0,GB-RC000,107665,outside_five_menu_scope,
2026-03-24,23,1,Pattaya_Central,แก้วเปล่า,59.0,1,59.0,GB-RC000,107710,outside_five_menu_scope,
2026-04-06,9,0,Pattaya_Beach,Combo Set A (2 แก้ว),0.0,3,0.0,GB-RC000,107796,outside_five_menu_scope,
2025-11-05,15,2,BKK_Sukhumvit,น้ำส้มปั่น (เมนูทดลอง),99.0,3,297.0,GB-RC000,108459,outside_five_menu_scope,
2026-01-31,10,5,Pattaya_Beach,Combo Set A (2 แก้ว),35.0,1,35.0,GB-RC000,108982,outside_five_menu_scope,
2026-04-02,12,3,BKK_Ladprao,น้ำส้มปั่น (เมนูทดลอง),99.0,3,297.0,GB-RC000,109035,outside_five_menu_scope,
2025-12-25,23,3,BKK_Sukhumvit,Combo Set A (2 แก้ว),99.0,3,297.0,GB-RC000,109177,outside_five_menu_scope,
2026-04-04,17,5,Pattaya_Central,น้ำส้มปั่น (เมนูทดลอง),0.0,3,0.0,GB-RC000,109270,outside_five_menu_scope,
2026-08-10,17,0,BKK_Ladprao,Combo Set A (2 แก้ว),99.0,2,198.0,LM-RC000,110293,outside_five_menu_scope,
2026-01-27,19,1,BKK_Sukhumvit,Combo Set A (2 แก้ว),35.0,2,70.0,GB-RC000,110361,outside_five_menu_scope,
2025-10-07,1,1,BKK_Sukhumvit,แก้วเปล่า,59.0,2,118.0,LM-RC000,110403,outside_five_menu_scope,
2026-03-08,16,6,Pattaya_Beach,แก้วเปล่า,99.0,2,198.0,GB-RC000,110583,outside_five_menu_scope,
2026-07-30,9,3,Pattaya_Beach,น้ำส้มปั่น (เมนูทดลอง),59.0,2,118.0,GB-RC000,111124,outside_five_menu_scope,
2026-08-21,19,4,Pattaya_Central,น้ำส้มปั่น (เมนูทดลอง),0.0,3,0.0,LM-RC000,111266,outside_five_menu_scope,
2026-02-26,11,3,BKK_Sukhumvit,แก้วเปล่า,99.0,2,198.0,LM-RC000,111848,outside_five_menu_scope,
2026-04-03,9,4,Pattaya_Beach,แก้วเปล่า,59.0,2,118.0,GB-RC000,113346,outside_five_menu_scope,
2025-09-21,8,6,BKK_Ladprao,Combo Set A (2 แก้ว),35.0,2,70.0,LM-RC000,113586,outside_five_menu_scope,
2026-08-21,11,4,Pattaya_Beach,Combo Set A (2 แก้ว),99.0,2,198.0,GB-RC000,113658,outside_five_menu_scope,
2026-06-03,2,2,BKK_Ladprao,แก้วเปล่า,0.0,3,0.0,GB-RC000,113808,outside_five_menu_scope,
2026-06-14,11,6,Pattaya_Central,Combo Set A (2 แก้ว),0.0,1,0.0,LM-RC000,114424,outside_five_menu_scope,
2025-11-30,9,6,Pattaya_Central,Combo Set A (2 แก้ว),99.0,2,198.0,GB-RC000,114742,outside_five_menu_scope,
2025-12-11,6,3,Pattaya_Central,น้ำส้มปั่น (เมนูทดลอง),0.0,3,0.0,GB-RC000,114808,outside_five_menu_scope,
2026-02-14,10,5,Pattaya_Central,Combo Set A (2 แก้ว),35.0,1,35.0,GB-RC000,114837,outside_five_menu_scope,
2026-08-15,10,5,Pattaya_Beach,น้ำส้มปั่น (เมนูทดลอง),35.0,1,35.0,GB-RC000,115416,outside_five_menu_scope,
2026-07-13,15,0,BKK_Sukhumvit,น้ำส้มปั่น (เมนูทดลอง),59.0,1,59.0,GB-RC000,115854,outside_five_menu_scope,
2025-10-28,3,1,Pattaya_Beach,Combo Set A (2 แก้ว),59.0,3,177.0,GB-RC000,116367,outside_five_menu_scope,
2026-01-18,22,6,BKK_Ladprao,น้ำส้มปั่น (เมนูทดลอง),59.0,2,118.0,GB-RC000,116890,outside_five_menu_scope,
2026-03-08,6,6,BKK_Sukhumvit,น้ำส้มปั่น (เมนูทดลอง),0.0,1,0.0,LM-RC000,117238,outside_five_menu_scope,
2025-09-28,3,6,Pattaya_Beach,แก้วเปล่า,99.0,3,297.0,LM-RC000,117921,outside_five_menu_scope,
2025-12-23,2,1,Pattaya_Central,Combo Set A (2 แก้ว),99.0,1,99.0,LM-RC000,118561,outside_five_menu_scope,
2026-07-08,16,2,Pattaya_Beach,Combo Set A (2 แก้ว),35.0,3,105.0,GB-RC000,119288,outside_five_menu_scope,
2025-09-10,14,2,Pattaya_Beach,แก้วเปล่า,35.0,2,70.0,LM-RC000,119635,outside_five_menu_scope,
2026-04-12,13,6,BKK_Ladprao,แก้วเปล่า,0.0,1,0.0,GB-RC000,119929,outside_five_menu_scope,
2025-11-09,10,6,BKK_Sukhumvit,น้ำส้มปั่น (เมนูทดลอง),99.0,1,99.0,LM-RC000,120658,outside_five_menu_scope,
2026-08-07,19,4,BKK_Ladprao,น้ำส้มปั่น (เมนูทดลอง),35.0,3,105.0,LM-RC000,120846,outside_five_menu_scope,
2026-08-16,13,6,Pattaya_Beach,Combo Set A (2 แก้ว),0.0,3,0.0,GB-RC000,121194,outside_five_menu_scope,
2026-05-14,18,3,Pattaya_Central,แก้วเปล่า,99.0,3,297.0,LM-RC000,121276,outside_five_menu_scope,
2026-08-19,10,2,BKK_Sukhumvit,น้ำส้มปั่น (เมนูทดลอง),99.0,3,297.0,LM-RC000,121507,outside_five_menu_scope,
2026-02-11,13,2,BKK_Ladprao,Combo Set A (2 แก้ว),99.0,2,198.0,GB-RC000,121676,outside_five_menu_scope,
2025-12-12,19,4,BKK_Sukhumvit,Combo Set A (2 แก้ว),99.0,3,297.0,GB-RC000,121795,outside_five_menu_scope,
2026-07-25,6,5,Pattaya_Beach,แก้วเปล่า,59.0,3,177.0,LM-RC000,122442,outside_five_menu_scope,
2025-09-18,15,3,BKK_Ladprao,แก้วเปล่า,35.0,2,70.0,GB-RC000,123526,outside_five_menu_scope,
2026-04-28,20,1,BKK_Sukhumvit,แก้วเปล่า,35.0,3,105.0,GB-RC000,123575,outside_five_menu_scope,
2026-01-23,10,4,BKK_Ladprao,น้ำส้มปั่น (เมนูทดลอง),99.0,2,198.0,GB-RC000,123682,outside_five_menu_scope,
2026-07-28,0,1,Pattaya_Beach,แก้วเปล่า,35.0,1,35.0,LM-RC000,124034,outside_five_menu_scope,
