model,method,window,month,role,absolute_error,actual_units,predicted_units,wape,bias,mae_daily_group
mean_28,mean,28,2026-06,validation,20806.571428571428,45183.0,64817.142857142855,0.46049557197555335,0.4345471273962078,34.67761904761905
mean_28,mean,28,2026-07,validation,7134.464285714285,43292.0,46930.67857142858,0.16479867609984028,0.08404967595464684,11.507200460829493
mean_28,mean,28,2026-08,holdout,6258.892857142857,43805.0,43297.03571428572,0.14288078660296444,-0.011596034373114628,10.094988479262673
weekday_28,weekday,28,2026-06,validation,20743.0,45183.0,64967.5,0.45908859526813184,0.43787486444016555,34.571666666666665
weekday_28,weekday,28,2026-07,validation,7183.75,43292.0,46752.75,0.1659371246419662,0.07993971172503003,11.586693548387096
weekday_28,weekday,28,2026-08,holdout,6456.0,43805.0,43321.0,0.14738043602328502,-0.011048967012898071,10.412903225806451
weekday_56,weekday,56,2026-06,validation,26059.375,45183.0,70504.875,0.5767517650443751,0.56042925436558,43.432291666666664
weekday_56,weekday,56,2026-07,validation,13373.625,43292.0,55109.375,0.30891677446179433,0.2729690243001016,21.570362903225806
weekday_56,weekday,56,2026-08,holdout,6242.0,43805.0,45225.0,0.14249514895559867,0.032416390822965414,10.067741935483872
weekday_84,weekday,84,2026-06,validation,24165.75,45183.0,68837.41666666667,0.5348416439811433,0.5235247032438455,40.27625
weekday_84,weekday,84,2026-07,validation,20648.0,43292.0,63347.666666666664,0.4769472419846623,0.4632649604237888,33.303225806451614
weekday_84,weekday,84,2026-08,holdout,9213.5,43805.0,50840.333333333336,0.21032987101929004,0.16060571472054178,14.860483870967743
