kitchen,sku,mean_daily,std_daily,history_days
BKK_Ladprao,Guava,33.25,8.113203687451344,28
BKK_Ladprao,MixedBerryPremium,11.964285714285714,3.071674654839797,28
BKK_Ladprao,PassionFruit,26.357142857142858,5.846809829743498,28
BKK_Ladprao,Pineapple,54.035714285714285,8.65330166061658,28
BKK_Ladprao,Watermelon,81.5,12.13961986103232,28
BKK_Sukhumvit,Guava,56.857142857142854,9.219544457292889,28
BKK_Sukhumvit,MixedBerryPremium,20.357142857142858,6.023103666530885,28
BKK_Sukhumvit,PassionFruit,44.642857142857146,7.859884081701064,28
BKK_Sukhumvit,Pineapple,91.10714285714286,11.617754611895633,28
BKK_Sukhumvit,Watermelon,138.92857142857142,20.333788701640504,28
Pattaya_Beach,Guava,64.25,15.864297208698718,28
Pattaya_Beach,MixedBerryPremium,24.107142857142858,8.097210310644945,28
Pattaya_Beach,PassionFruit,51.964285714285715,12.045054310103103,28
Pattaya_Beach,Pineapple,94.96428571428571,17.156955181823815,28
Pattaya_Beach,Watermelon,158.17857142857142,31.8746096562882,28
Pattaya_Central,Guava,76.21428571428571,14.801776670136347,28
Pattaya_Central,MixedBerryPremium,25.892857142857142,5.73246117397328,28
Pattaya_Central,PassionFruit,61.142857142857146,12.93645437714105,28
Pattaya_Central,Pineapple,116.67857142857143,15.687633723791867,28
Pattaya_Central,Watermelon,181.57142857142858,26.058694433059294,28
