month,kitchen,units_sold,revenue,fruit_cost,packaging_cost,labor_cost,commission,contribution,units_wasted,waste_cost,gp,overhead,operating_profit
2025-09,BKK_Ladprao,5961,285858.45,61037.46,35766,31094.0,77708.3592,80252.63080000001,467.0,8256.86,71995.7708,140000,-68004.2292
2025-09,BKK_Sukhumvit,9919,478129.14,102401.69,59514,51838.5,130909.51920000001,133465.4308,457.0,8189.9,125275.53080000001,200000,-74724.46919999999
2025-09,Pattaya_Beach,10997,528874.19,112779.19,65982,57394.0,141559.4736,151159.5264,445.0,7814.13,143345.3964,150000,-6654.603600000002
2025-09,Pattaya_Central,12863,620499.36,132732.88,77178,67220.0,168961.60080000001,174406.8792,578.0,10394.77,164012.1092,180000,-15987.890799999994
2025-10,BKK_Ladprao,6089,294485.93,61740.3,36534,31792.5,80222.3316,84196.7984,445.0,7782.74,76414.05840000001,140000,-63585.94159999999
2025-10,BKK_Sukhumvit,10197,493424.08999999997,103474.2,61182,53237.5,132818.9532,142711.4368,467.0,8164.05,134547.3868,200000,-65452.61319999999
2025-10,Pattaya_Beach,11155,541195.7,113739.14,66930,58348.5,148486.4724,153691.5876,502.0,8771.37,144920.2176,150000,-5079.782399999996
2025-10,Pattaya_Central,13165,638108.77,134270.55,78990,68783.0,176252.8686,179812.3514,622.0,10891.39,168920.9614,180000,-11079.0386
2025-11,BKK_Ladprao,6635,324687.0,67189.59,39810,34685.5,87579.204,95422.706,485.0,8478.65,86944.05600000001,140000,-53055.94399999999
2025-11,BKK_Sukhumvit,11449,558607.3,115220.55,68694,59755.5,152749.392,162187.858,538.0,9250.7,152937.158,200000,-47062.842000000004
2025-11,Pattaya_Beach,12826,628300.3,130200.0,76956,67062.5,172463.97,181617.83000000002,606.0,10533.4,171084.43,150000,21084.429999999993
2025-11,Pattaya_Central,15162,743121.45,153498.05,90972,79215.5,202008.735,217427.165,703.0,12188.72,205238.445,180000,25238.445000000007
2025-12,BKK_Ladprao,7338,359988.65,75455.95999999999,44028,38396.0,100380.123,101728.56700000001,537.0,9369.880000000001,92358.687,140000,-47641.312999999995
2025-12,BKK_Sukhumvit,12354,603659.8,126344.62,74124,64582.0,164866.911,173742.269,561.0,9585.92,164156.349,200000,-35843.65100000001
2025-12,Pattaya_Beach,13620,664354.25,138129.39,81720,71109.0,183999.06,189396.8,622.0,10806.0,178590.80000000002,150000,28590.800000000017
2025-12,Pattaya_Central,16315,797154.35,166222.6,97890,85238.0,215799.945,232003.80500000002,761.0,13381.63,218622.17500000002,180000,38622.17500000002
2026-01,BKK_Ladprao,7503,368325.55,75509.83,45018,39274.0,100698.16500000001,107825.55500000001,544.0,9501.36,98324.195,140000,-41675.80499999999
2026-01,BKK_Sukhumvit,12239,599718.35,122660.31,73434,63961.5,166179.576,173482.964,554.0,9518.7,163964.26400000002,200000,-36035.735999999975
2026-01,Pattaya_Beach,13941,683258.2,140271.55,83646,72850.5,186923.58,199566.57,679.0,11837.019999999999,187729.55000000002,150000,37729.55000000002
2026-01,Pattaya_Central,16467,806792.25,165510.75,98802,86094.0,219848.028,236537.472,780.0,13640.0,222897.472,180000,42897.47200000001
2026-02,BKK_Ladprao,6961,337838.75,69801.76999999999,41766,36337.0,92855.685,97078.29500000001,527.0,9100.89,87977.405,140000,-52022.595
2026-02,BKK_Sukhumvit,11841,576019.9,119526.16,71046,61837.0,158546.29200000002,165064.448,550.0,9706.3,155358.14800000002,200000,-44641.851999999984
2026-02,Pattaya_Beach,13299,647661.5,134518.03,79794,69495.5,177316.2,186537.77,647.0,11343.92,175193.85,150000,25193.850000000006
2026-02,Pattaya_Central,15685,763907.25,159354.99,94110,81976.5,208228.095,220237.665,715.0,12454.46,207783.205,180000,27783.204999999987
2026-03,BKK_Ladprao,9999,534736.25,128174.22,62384,54396.0,144440.745,145341.285,1177.0,32463.700000000004,112877.585,140000,-27122.414999999994
2026-03,BKK_Sukhumvit,16419,877328.85,209526.08,102300,89163.0,237614.78699999998,238724.983,1096.0,29866.889999999996,208858.093,200000,8858.092999999993
2026-03,Pattaya_Beach,18779,1002546.35,238350.44999999998,116964,101882.0,278299.58999999997,267050.31,1249.0,34876.159999999996,232174.15000000002,150000,82174.15000000002
2026-03,Pattaya_Central,21864,1168675.4,278728.25,136262,118706.0,318214.65599999996,316764.494,1469.0,39459.03,277305.46400000004,180000,97305.46400000004
2026-04,BKK_Ladprao,11467,597393.0,131472.2,70768,61628.0,165930.372,167594.428,1173.0,31171.95,136422.478,140000,-3577.521999999997
2026-04,BKK_Sukhumvit,19128,996909.25,219536.66999999998,118060,102798.0,274495.374,282019.206,1190.0,31055.7,250963.506,200000,50963.505999999994
2026-04,Pattaya_Beach,21402,1113249.8,244447.9,131996,114912.5,305944.893,315948.507,1270.0,32468.699999999997,283479.80700000003,150000,133479.80700000003
2026-04,Pattaya_Central,25419,1321622.7,290154.16,156660,136547.5,363361.266,374899.774,1532.0,37885.79,337013.98400000005,180000,157013.98400000005
2026-05,BKK_Ladprao,9917,511260.15,113025.21,61064,53090.5,140281.473,143798.967,995.0,26058.63,117740.337,140000,-22259.663
2026-05,BKK_Sukhumvit,16611,856744.55,189024.02,102196,88995.0,231481.161,245048.369,986.0,25126.170000000002,219922.19900000002,200000,19922.199000000022
2026-05,Pattaya_Beach,18745,967228.6,213145.15,115300,100419.0,264890.616,273473.83400000003,1082.0,26215.91,247257.924,150000,97257.924
2026-05,Pattaya_Central,22112,1143870.8,253369.04,136160,118567.5,313568.49,322205.77,1312.0,33658.68,288547.08999999997,180000,108547.08999999997
2026-06,BKK_Ladprao,6827,346461.7,89940.61,41916,36455.0,95645.21459999999,82504.87539999999,698.0,19927.170000000002,62577.705400000006,140000,-77422.2946
2026-06,BKK_Sukhumvit,11177,570896.63,149672.0,68678,59829.5,156014.7624,136702.3676,671.0,18854.95,117847.4176,200000,-82152.5824
2026-06,Pattaya_Beach,12497,636843.72,167193.28,76782,66886.0,172725.4794,153256.9606,724.0,20458.64,132798.3206,150000,-17201.679399999994
2026-06,Pattaya_Central,14682,748336.48,195888.71,90292,78605.0,206575.467,176975.303,884.0,24552.39,152422.913,180000,-27577.087
2026-07,BKK_Ladprao,6357,320801.70999999996,84687.29000000001,38864,33840.0,87656.0514,75754.3686,581.0,16401.489999999998,59352.878600000004,140000,-80647.1214
2026-07,BKK_Sukhumvit,10716,542964.07,144825.03,65630,57133.0,148977.93,126398.11000000002,599.0,16679.52,109718.59,200000,-90281.41
2026-07,Pattaya_Beach,11922,606527.46,163503.7,73090,63712.0,165922.7106,140299.04940000002,683.0,20009.12,120289.9294,150000,-29710.070600000006
2026-07,Pattaya_Central,14297,726649.8200000001,195043.26,87668,76338.5,197297.7444,170302.3156,805.0,23205.379999999997,147096.93560000003,180000,-32903.064399999974
2026-08,BKK_Ladprao,6372,321905.96,87994.11,38964,33921.0,86966.3208,74060.5292,607.0,17885.329999999998,56175.1992,140000,-83824.8008
2026-08,BKK_Sukhumvit,10851,548255.24,149818.88,66354,57760.0,147034.788,127287.57200000001,585.0,17291.71,109995.86200000001,200000,-90004.13799999999
2026-08,Pattaya_Beach,12256,619467.36,172007.59999999998,75042,65412.5,170154.9648,136850.2952,720.0,21076.129999999997,115774.16520000002,150000,-34225.83479999998
2026-08,Pattaya_Central,14326,722286.24,198106.99,87546,76295.5,196534.1568,163803.5932,773.0,22238.77,141564.8232,180000,-38435.17679999999
