month,units_sold,revenue,fruit_cost,packaging_cost,labor_cost,commission,contribution,units_wasted,waste_cost,gp,overhead,operating_profit,budget_revenue_thb,budget_gross_profit_thb,revenue_variance,gp_variance,gross_profit_before_commission
2025-09,39740,1913361.1400000001,408951.22,238440,207546.5,519138.9528,539284.4672000001,1947.0,34655.66,504628.80720000004,670000,-165371.1928,2700000,700000,-786638.8599999999,-195371.19279999996,1023767.76
2025-10,40606,1967214.49,413224.19,243636,212161.5,537780.6258,560412.1742,2036.0,35609.55,524802.6242,670000,-145197.37579999998,2700000,700000,-732785.51,-175197.37580000004,1062583.25
2025-11,46072,2254716.05,466108.19,276432,240719.0,614801.301,656655.559,2332.0,40451.47,616204.089,670000,-53795.91099999999,2700000,700000,-445283.9500000002,-83795.91099999996,1231005.3900000001
2025-12,49627,2425157.05,506152.57,297762,259325.0,665046.039,696871.441,2481.0,43143.43,653728.011,670000,-16271.988999999972,2700000,700000,-274842.9500000002,-46271.98899999994,1318774.05
2026-01,50150,2458094.35,503952.44,300900,262180.0,673649.3489999999,717412.561,2557.0,44497.08,672915.481,670000,2915.481000000058,2700000,700000,-241905.6499999999,-27084.51899999997,1346564.83
2026-02,47786,2325427.4,483200.94999999995,286716,249646.0,636946.272,668918.1780000001,2439.0,42605.57,626312.608,670000,-43687.39199999999,2700000,700000,-374572.6000000001,-73687.39199999999,1263258.88
2026-03,67061,3583286.8499999996,854779.0,417910,364147.0,978569.7779999999,967881.0719999999,4991.0,136665.78,831215.2920000001,670000,161215.29200000007,2700000,700000,883286.8499999996,131215.29200000013,1809785.07
2026-04,77416,4029174.75,885610.9299999999,477484,415886.0,1109731.905,1140461.915,5165.0,132582.14,1007879.7750000001,670000,337879.7750000001,2700000,700000,1329174.75,307879.77500000014,2117611.68
2026-05,67385,3479104.1,768563.42,414720,361072.0,950221.74,984526.9400000001,4375.0,111059.39,873467.55,670000,203467.55,2700000,700000,779104.1000000001,173467.55000000005,1823689.29
2026-06,45183,2302538.53,602694.6,277668,241775.5,630960.9234,549439.5066,2977.0,83793.15,465646.3566,670000,-204353.6434,2700000,700000,-397461.4700000002,-234353.6434,1096607.28
2026-07,43292,2196943.06,588059.28,265252,231023.5,599854.4364,512753.8436,2668.0,76295.51,436458.3336,670000,-233541.6664,2700000,700000,-503056.93999999994,-263541.6664,1036312.77
2026-08,43805,2211914.8,607927.58,267906,233389.0,600690.2304,502001.98960000003,2685.0,78491.94,423510.0496,670000,-246489.95039999997,2700000,700000,-488085.2000000002,-276489.9504,1024200.28
