month,kitchen,sku,units_sold,revenue,fruit_cost,packaging_cost,labor_cost,commission,contribution,units_wasted,waste_cost,gp
2025-09,BKK_Ladprao,Guava,1034,49460.6,9538.57,6204,5687.0,13625.018399999999,14406.011600000002,87.0,1326.41,13079.601600000002
2025-09,BKK_Ladprao,PassionFruit,772,48867.0,14588.289999999999,4632,4632.0,13549.692,11465.018,123.0,3062.67,8402.348
2025-09,BKK_Ladprao,Pineapple,1693,80208.1,17390.88,10158,8465.0,21455.2968,22738.9232,122.0,1985.84,20753.0832
2025-09,BKK_Ladprao,Watermelon,2462,107322.75,19519.72,14772,12310.0,29078.352,31642.678000000004,135.0,1881.9399999999998,29760.738
2025-09,BKK_Sukhumvit,Guava,1725,82574.8,15906.720000000001,10350,9487.5,22830.3936,24000.186400000002,79.0,1202.3,22797.886400000003
2025-09,BKK_Sukhumvit,PassionFruit,1381,87594.0,26089.44,8286,8286.0,23984.532,20948.028,134.0,3326.9,17621.128
2025-09,BKK_Sukhumvit,Pineapple,2720,129247.79,27940.23,16320,13600.0,34963.7736,36423.786400000005,112.0,1820.04,34603.7464
2025-09,BKK_Sukhumvit,Watermelon,4093,178712.55,32465.3,24558,20465.0,49130.82,52093.43,132.0,1840.6599999999999,50252.770000000004
2025-09,Pattaya_Beach,Guava,1894,90797.0,17471.27,11364,10417.0,24763.502399999998,26781.227600000002,92.0,1403.76,25377.467600000004
2025-09,Pattaya_Beach,PassionFruit,1462,92838.2,27605.31,8772,8772.0,25468.56,22220.329999999998,112.0,2787.0099999999998,19433.32
2025-09,Pattaya_Beach,Pineapple,3056,145280.59,31384.57,18336,15280.0,39415.0512,40864.9688,114.0,1855.34,39009.6288
2025-09,Pattaya_Beach,Watermelon,4585,199958.4,36318.04,27510,22925.0,51912.36,61293.0,127.0,1768.02,59524.98
2025-09,Pattaya_Central,Guava,2200,105399.0,20310.15,13200,12100.0,28069.2384,31719.6116,111.0,1688.68,30030.9316
2025-09,Pattaya_Central,PassionFruit,1805,114784.8,34060.68,10830,10830.0,31941.624,27122.496,168.0,4173.8,22948.696
2025-09,Pattaya_Central,Pineapple,3485,165629.31,35799.73,20910,17425.0,45073.4634,46421.1166,158.0,2571.05,43850.0666
2025-09,Pattaya_Central,Watermelon,5373,234686.25,42562.32,32238,26865.0,63877.275,69143.655,141.0,1961.24,67182.41500000001
2025-10,BKK_Ladprao,Guava,1083,51473.52,10154.5,6498,5956.5,13812.855,15051.665,88.0,1355.1399999999999,13696.525000000001
2025-10,BKK_Ladprao,PassionFruit,806,51173.85,14990.119999999999,4836,4836.0,13878.891,12632.839,116.0,2856.0099999999998,9776.829
2025-10,BKK_Ladprao,Pineapple,1729,82929.56,16758.57,10374,8645.0,22615.7736,24536.2164,114.0,1789.88,22746.3364
2025-10,BKK_Ladprao,Watermelon,2471,108909.0,19837.11,14826,12355.0,29914.811999999998,31976.078,127.0,1781.71,30194.368000000002
2025-10,BKK_Sukhumvit,Guava,1779,84551.46,16678.309999999998,10674,9784.5,23357.565,24057.085000000003,95.0,1457.06,22600.025
2025-10,BKK_Sukhumvit,PassionFruit,1363,86425.95,25435.48,8178,8178.0,24281.985,20352.485,120.0,2984.7400000000002,17367.745
2025-10,BKK_Sukhumvit,Pineapple,2839,136225.88,27510.59,17034,14195.0,35075.6112,42410.6788,112.0,1758.66,40652.018800000005
2025-10,BKK_Sukhumvit,Watermelon,4216,186220.8,33849.82,25296,21080.0,50103.792,55891.188,140.0,1963.59,53927.598
2025-10,Pattaya_Beach,Guava,2031,96652.5,19039.77,12186,11170.5,25837.014,28419.216000000004,93.0,1429.3799999999999,26989.836000000003
2025-10,Pattaya_Beach,PassionFruit,1558,98810.4,28929.2,9348,9348.0,26865.072,24320.128,130.0,3212.69,21107.438000000002
2025-10,Pattaya_Beach,Pineapple,3016,144951.8,29242.73,18096,15080.0,39112.4664,43420.6036,130.0,2039.42,41381.183600000004
2025-10,Pattaya_Beach,Watermelon,4550,200781.0,36527.44,27300,22750.0,56671.92,57531.64,149.0,2089.88,55441.76
2025-10,Pattaya_Central,Guava,2292,108646.23,21462.18,13752,12606.0,30610.545,30215.505000000005,125.0,1917.66,28297.845
2025-10,Pattaya_Central,PassionFruit,1812,114656.1,33820.68,10872,10872.0,31609.266,27482.154,163.0,4007.72,23474.434
2025-10,Pattaya_Central,Pineapple,3750,180082.84,36361.4,22500,18750.0,49051.0776,53420.362400000005,168.0,2635.59,50784.7724
2025-10,Pattaya_Central,Watermelon,5311,234723.6,42626.29,31866,26555.0,64981.979999999996,68694.33,166.0,2330.42,66363.91
2025-11,BKK_Ladprao,Guava,1113,53919.6,9787.8,6678,6121.5,14810.544,16521.756,97.0,1436.37,15085.386
2025-11,BKK_Ladprao,PassionFruit,954,61204.0,17105.73,5724,5724.0,16364.4,16285.87,136.0,3252.48,13033.390000000001
2025-11,BKK_Ladprao,Pineapple,1771,85975.4,17925.51,10626,8855.0,22896.72,25672.170000000002,126.0,2027.21,23644.960000000003
2025-11,BKK_Ladprao,Watermelon,2797,123588.0,22370.55,16782,13985.0,33507.54,36942.91,126.0,1762.59,35180.32
2025-11,BKK_Sukhumvit,Guava,1911,92698.2,16829.33,11466,10510.5,25252.248,28640.122,107.0,1584.46,27055.662
2025-11,BKK_Sukhumvit,PassionFruit,1555,99749.0,27865.48,9330,9330.0,27830.4,25393.120000000003,138.0,3297.92,22095.2
2025-11,BKK_Sukhumvit,Pineapple,3145,152360.6,31812.45,18870,15725.0,40470.864,45482.286,127.0,2043.38,43438.906
2025-11,BKK_Sukhumvit,Watermelon,4838,213799.5,38713.29,29028,24190.0,59195.88,62672.33,166.0,2324.94,60347.39
2025-11,Pattaya_Beach,Guava,2161,104958.0,19022.91,12966,11885.5,28944.3,32139.29,121.0,1792.02,30347.27
2025-11,Pattaya_Beach,PassionFruit,1852,118846.0,33221.28,11112,11112.0,33547.8,29852.92,164.0,3933.07,25919.85
2025-11,Pattaya_Beach,Pineapple,3525,170725.8,35667.56,21150,17625.0,45769.92,50513.32000000001,144.0,2329.87,48183.450000000004
2025-11,Pattaya_Beach,Watermelon,5288,233770.5,42288.25,31728,26440.0,64201.95,69112.3,177.0,2478.44,66633.86
2025-11,Pattaya_Central,Guava,2505,121784.6,22060.52,15030,13777.5,33157.32,37759.26,129.0,1910.24,35849.020000000004
2025-11,Pattaya_Central,PassionFruit,2153,138424.0,38610.68,12918,12918.0,37732.5,36244.82,186.0,4450.55,31794.27
2025-11,Pattaya_Central,Pineapple,4162,201948.6,42108.96,24972,20810.0,54187.14,59870.50000000001,188.0,3028.91,56841.590000000004
2025-11,Pattaya_Central,Watermelon,6342,280964.25,50717.89,38052,31710.0,76931.775,83552.585,200.0,2799.02,80753.565
2025-12,BKK_Ladprao,Guava,1252,60289.6,11167.199999999999,7512,6886.0,17061.408,17662.992000000002,108.0,1609.31,16053.682000000003
2025-12,BKK_Ladprao,PassionFruit,1080,69420.0,19823.47,6480,6480.0,18759.0,17877.53,142.0,3467.67,14409.859999999999
2025-12,BKK_Ladprao,Pineapple,2005,97274.8,20264.63,12030,10025.0,26948.04,28007.13,125.0,2013.59,25993.54
2025-12,BKK_Ladprao,Watermelon,3001,133004.25,24200.66,18006,15005.0,37611.675,38180.915,162.0,2279.31,35901.604999999996
2025-12,BKK_Sukhumvit,Guava,2142,103113.15,19119.879999999997,12852,11781.0,27584.255999999998,31776.014000000003,115.0,1713.99,30062.024000000005
2025-12,BKK_Sukhumvit,PassionFruit,1741,111722.0,32009.68,10446,10446.0,30096.3,28724.019999999997,125.0,3053.96,25670.059999999998
2025-12,BKK_Sukhumvit,Pineapple,3389,164326.4,34247.19,20334,16945.0,45934.56,46865.65,148.0,2385.47,44480.18
2025-12,BKK_Sukhumvit,Watermelon,5082,224498.25,40967.87,30492,25410.0,61251.795,66376.585,173.0,2432.5,63944.085
2025-12,Pattaya_Beach,Guava,2390,115221.05,21319.45,14340,13145.0,31616.76,34799.840000000004,121.0,1804.79,32995.05
2025-12,Pattaya_Beach,PassionFruit,1814,116623.0,33321.33,10884,10884.0,31912.92,29620.75,156.0,3817.2200000000003,25803.53
2025-12,Pattaya_Beach,Pineapple,3701,179673.2,37411.69,22206,18505.0,51044.28,50506.23,160.0,2579.7799999999997,47926.450000000004
2025-12,Pattaya_Beach,Watermelon,5715,252837.0,46076.92,34290,28575.0,69425.1,74469.98,185.0,2604.21,71865.77
2025-12,Pattaya_Central,Guava,2878,138750.85,25697.19,17268,15829.0,37344.615,42612.045000000006,151.0,2265.0499999999997,40346.995
2025-12,Pattaya_Central,PassionFruit,2224,143039.0,40920.73,13344,13344.0,39003.9,36426.369999999995,205.0,5019.94,31406.429999999997
2025-12,Pattaya_Central,Pineapple,4506,218540.0,45527.23,27036,22530.0,59805.479999999996,63641.29000000001,197.0,3171.42,60469.87000000001
2025-12,Pattaya_Central,Watermelon,6707,296824.5,54077.45,40242,33535.0,79645.95,89324.1,208.0,2925.22,86398.88
2026-01,BKK_Ladprao,Guava,1384,66745.35,12416.96,8304,7612.0,18468.345,19944.045000000002,112.0,1675.0,18269.045000000002
2026-01,BKK_Ladprao,PassionFruit,1067,68640.0,19464.8,6402,6402.0,18591.3,17779.9,151.0,3652.3199999999997,14127.58
2026-01,BKK_Ladprao,Pineapple,1983,96275.2,19319.82,11898,9915.0,27115.62,28026.760000000002,145.0,2278.73,25748.030000000002
2026-01,BKK_Ladprao,Watermelon,3069,136665.0,24308.25,18414,15345.0,36522.9,42074.85,136.0,1895.31,40179.54
2026-01,BKK_Sukhumvit,Guava,2177,105033.95,19542.64,13062,11973.5,29515.836,30939.974000000002,130.0,1959.53,28980.444000000003
2026-01,BKK_Sukhumvit,PassionFruit,1678,108043.0,30605.52,10068,10068.0,30005.82,27295.66,137.0,3319.55,23976.11
2026-01,BKK_Sukhumvit,Pineapple,3347,162415.4,32583.47,20082,16735.0,45343.619999999995,47671.310000000005,135.0,2123.87,45547.44
2026-01,BKK_Sukhumvit,Watermelon,5037,224226.0,39928.68,30222,25185.0,61314.3,67576.02,152.0,2115.75,65460.270000000004
2026-01,Pattaya_Beach,Guava,2339,112200.2,20938.04,14034,12864.5,30223.199999999997,34140.46,147.0,2191.07,31949.390000000003
2026-01,Pattaya_Beach,PassionFruit,1976,126984.0,36041.19,11856,11856.0,34897.2,32333.61,187.0,4535.94,27797.670000000002
2026-01,Pattaya_Beach,Pineapple,3889,188699.0,37846.46,23334,19445.0,54219.479999999996,53854.060000000005,170.0,2677.22,51176.840000000004
2026-01,Pattaya_Beach,Watermelon,5737,255375.0,45445.86,34422,28685.0,67583.7,79238.44,175.0,2432.79,76805.65000000001
2026-01,Pattaya_Central,Guava,2904,140034.65,26022.86,17424,15972.0,38524.584,42091.206000000006,148.0,2215.51,39875.696
2026-01,Pattaya_Central,PassionFruit,2307,148343.0,42089.31,13842,13842.0,41565.42,37004.270000000004,221.0,5347.79,31656.480000000003
2026-01,Pattaya_Central,Pineapple,4532,219686.6,44157.520000000004,27192,22660.0,60230.604,65446.476,199.0,3132.23,62314.24600000001
2026-01,Pattaya_Central,Watermelon,6724,298728.0,53241.06,40344,33620.0,79527.42,91995.52,212.0,2944.4700000000003,89051.05
2026-02,BKK_Ladprao,Guava,1234,59711.4,10476.32,7404,6787.0,16240.56,18803.52,106.0,1534.31,17269.21
2026-02,BKK_Ladprao,PassionFruit,915,58363.5,17608.66,5490,5490.0,15839.85,13934.99,126.0,3176.94,10758.050000000001
2026-02,BKK_Ladprao,Pineapple,1884,91502.6,18436.44,11304,9420.0,25213.44,27128.72,150.0,2364.56,24764.160000000003
2026-02,BKK_Ladprao,Watermelon,2928,128261.25,23280.35,17568,14640.0,35561.835,37211.065,145.0,2025.0800000000002,35185.985
2026-02,BKK_Sukhumvit,Guava,2018,97970.6,17164.69,12108,11099.0,26362.98,31235.93,105.0,1521.27,29714.660000000003
2026-02,BKK_Sukhumvit,PassionFruit,1623,103762.75,31241.07,9738,9738.0,27699.165,25346.515,153.0,3866.18,21480.335000000003
2026-02,BKK_Sukhumvit,Pineapple,3219,155633.8,31535.62,19314,16095.0,43843.632,44845.548,133.0,2099.3,42746.24800000001
2026-02,BKK_Sukhumvit,Watermelon,4981,218652.75,39584.78,29886,24905.0,60640.515,63636.455,159.0,2219.55,61416.905
2026-02,Pattaya_Beach,Guava,2293,111181.0,19494.87,13758,12611.5,29838.06,35478.57,124.0,1798.3,33680.270000000004
2026-02,Pattaya_Beach,PassionFruit,1854,118157.0,35648.08,11124,11124.0,32639.88,27621.04,173.0,4364.72,23256.32
2026-02,Pattaya_Beach,Pineapple,3634,176057.0,35539.76,21804,18170.0,47789.7,52753.54,162.0,2558.94,50194.600000000006
2026-02,Pattaya_Beach,Watermelon,5518,242266.5,43835.32,33108,27590.0,67048.56,70684.62,188.0,2621.96,68062.66
2026-02,Pattaya_Central,Guava,2627,127184.4,22349.11,15762,14448.5,34489.14,40135.65,144.0,2086.87,38048.78
2026-02,Pattaya_Central,PassionFruit,2238,142662.0,43079.04,13428,13428.0,38551.5,34175.46,182.0,4598.25,29577.21
2026-02,Pattaya_Central,Pineapple,4333,209739.6,42418.3,25998,21665.0,57318.24,62340.060000000005,186.0,2936.48,59403.58
2026-02,Pattaya_Central,Watermelon,6487,284321.25,51508.54,38922,32435.0,77869.215,83586.495,203.0,2832.86,80753.635
2026-03,BKK_Ladprao,Guava,1594,77243.6,14308.230000000001,9564,8767.0,20899.284,23705.086,159.0,2387.31,21317.776
2026-03,BKK_Ladprao,MixedBerryPremium,1195,103978.7,41023.57,9560,8365.0,28046.748,16983.382,485.0,20548.11,-3564.7279999999982
2026-03,BKK_Ladprao,PassionFruit,1214,77606.75,21907.22,7284,7284.0,21566.025,19565.505,178.0,4269.85,15295.655
2026-03,BKK_Ladprao,Pineapple,2389,115581.2,24591.25,14334,11945.0,30620.688,34090.262,178.0,2905.15,31185.112
2026-03,BKK_Ladprao,Watermelon,3607,160326.0,26343.95,21642,18035.0,43308.0,50997.05,177.0,2353.28,48643.770000000004
2026-03,BKK_Sukhumvit,Guava,2388,115571.4,21456.96,14328,13134.0,32701.62,33950.82,131.0,1963.01,31987.81
2026-03,BKK_Sukhumvit,MixedBerryPremium,1893,165126.15,65017.439999999995,15144,13251.0,44779.905,26933.805000000004,434.0,18411.35,8522.455000000004
2026-03,BKK_Sukhumvit,PassionFruit,2088,133113.5,37629.74,12528,12528.0,35830.47,34597.29,181.0,4340.17,30257.120000000003
2026-03,BKK_Sukhumvit,Pineapple,4023,195029.8,41407.51,24138,20115.0,50911.392,58457.898,165.0,2688.05,55769.848
2026-03,BKK_Sukhumvit,Watermelon,6027,268488.0,44014.43,36162,30135.0,73391.4,84785.17,185.0,2464.31,82320.86
2026-03,Pattaya_Beach,Guava,2826,137190.2,25402.370000000003,16956,15543.0,39116.7,40172.13,136.0,2035.1,38137.03
2026-03,Pattaya_Beach,MixedBerryPremium,2145,188043.65,73664.56999999999,17160,15015.0,52262.58,29941.500000000004,530.0,22434.31,7507.190000000003
2026-03,Pattaya_Beach,PassionFruit,2284,146087.5,41215.09,13704,13704.0,40270.229999999996,37194.18,196.0,4702.11,32492.070000000003
2026-03,Pattaya_Beach,Pineapple,4656,225792.0,47903.73,27936,23280.0,59973.06,66699.21,185.0,3015.43,63683.78
2026-03,Pattaya_Beach,Watermelon,6868,305433.0,50164.69,41208,34340.0,86677.02,93043.29000000001,202.0,2689.21,90354.08
2026-03,Pattaya_Central,Guava,3250,157691.8,29186.600000000002,19500,17875.0,43047.479999999996,48082.72,175.0,2620.28,45462.44
2026-03,Pattaya_Central,MixedBerryPremium,2539,221983.8,87219.6,20312,17773.0,59100.984,37578.216,565.0,23907.12,13671.096000000003
2026-03,Pattaya_Central,PassionFruit,2683,171509.0,48471.03999999999,16098,16098.0,46866.3,43975.66,243.0,5840.77,38134.89
2026-03,Pattaya_Central,Pineapple,5365,260199.8,55189.380000000005,32190,26825.0,70873.992,75121.428,209.0,3403.32,71718.10800000001
2026-03,Pattaya_Central,Watermelon,8027,357291.0,58661.63,48162,40135.0,98325.9,112006.47,277.0,3687.54,108318.93000000001
2026-04,BKK_Ladprao,Guava,1836,87972.15,17106.77,11016,10098.0,24060.225,25691.155000000002,144.0,2198.4900000000002,23492.665
2026-04,BKK_Ladprao,MixedBerryPremium,983,86147.55,34245.62,7864,6881.0,23758.461,13398.469000000003,438.0,18778.5,-5380.030999999997
2026-04,BKK_Ladprao,PassionFruit,1409,90103.0,26154.239999999998,8454,8454.0,24994.32,22046.440000000002,198.0,4866.98,17179.460000000003
2026-04,BKK_Ladprao,Pineapple,2908,140174.3,23174.29,17448,14540.0,38598.966,46413.044,201.0,2816.9,43596.144
2026-04,BKK_Ladprao,Watermelon,4331,192996.0,30791.28,25986,21655.0,54518.4,60045.32,192.0,2511.08,57534.240000000005
2026-04,BKK_Sukhumvit,Guava,3016,144799.9,28140.71,18096,16588.0,39776.729999999996,42198.46,156.0,2388.02,39810.44
2026-04,BKK_Sukhumvit,MixedBerryPremium,1646,144059.85,57296.18,13168,11522.0,40266.804,21806.866,426.0,18237.06,3569.8060000000023
2026-04,BKK_Sukhumvit,PassionFruit,2358,150943.0,43823.3,14148,14148.0,40609.92,38213.78,200.0,4921.32,33292.46
2026-04,BKK_Sukhumvit,Pineapple,4810,231990.5,38350.75,28860,24050.0,62924.82,77804.93000000001,191.0,2659.95,75144.98
2026-04,BKK_Sukhumvit,Watermelon,7298,325116.0,51925.729999999996,43788,36490.0,90917.1,101995.17,217.0,2849.35,99145.82
2026-04,Pattaya_Beach,Guava,3309,158870.25,30837.36,19854,18199.5,44923.935,45055.455,171.0,2614.43,42441.025
2026-04,Pattaya_Beach,MixedBerryPremium,1792,156853.6,62336.96,14336,12544.0,42299.208,25337.432,422.0,18080.85,7256.582000000002
2026-04,Pattaya_Beach,PassionFruit,2664,170654.25,49513.74,15984,15984.0,47550.36,41622.15,236.0,5802.2,35819.950000000004
2026-04,Pattaya_Beach,Pineapple,5577,268338.7,44463.89,33462,27885.0,74177.67,88350.14,223.0,3115.34,85234.8
2026-04,Pattaya_Beach,Watermelon,8060,358533.0,57295.95,48360,40300.0,96993.72,115583.33,218.0,2855.88,112727.45
2026-04,Pattaya_Central,Guava,4055,194498.15,37749.14,24330,22302.5,53160.345,56956.165,197.0,3018.2,53937.965000000004
2026-04,Pattaya_Central,MixedBerryPremium,2073,181373.1,72071.18,16584,14511.0,48483.996,29722.924000000003,466.0,19984.29,9738.634000000002
2026-04,Pattaya_Central,PassionFruit,3279,209670.5,60927.06,19674,19674.0,57953.22,51442.22,282.0,6918.04,44524.18
2026-04,Pattaya_Central,Pineapple,6460,311127.95,51507.05,38760,32300.0,85409.205,103151.695,286.0,4019.08,99132.615
2026-04,Pattaya_Central,Watermelon,9552,424953.0,67899.73,57312,47760.0,118354.5,133626.77,301.0,3946.18,129680.59000000001
2026-05,BKK_Ladprao,Guava,1495,72103.5,13981.93,8970,8222.5,19273.758,21655.311999999998,129.0,1982.43,19672.881999999998
2026-05,BKK_Ladprao,MixedBerryPremium,781,67729.0,29124.13,6248,5467.0,18325.545,8564.325,331.0,14958.0,-6393.675
2026-05,BKK_Ladprao,PassionFruit,1196,77051.0,21960.08,7176,7176.0,21204.3,19534.620000000003,174.0,4246.11,15288.51
2026-05,BKK_Ladprao,Pineapple,2474,119981.4,19745.2,14844,12370.0,33236.7,39785.5,158.0,2213.17,37572.33
2026-05,BKK_Ladprao,Watermelon,3971,174395.25,28213.87,23826,19855.0,48241.17,54259.21,203.0,2658.92,51600.29
2026-05,BKK_Sukhumvit,Guava,2678,128919.0,25100.75,16068,14729.0,34212.78,38808.47,141.0,2166.54,36641.93
2026-05,BKK_Sukhumvit,MixedBerryPremium,1265,110173.1,47134.85,10120,8855.0,29769.966,14293.284,304.0,13748.61,544.6739999999998
2026-05,BKK_Sukhumvit,PassionFruit,2071,133172.0,37993.02,12426,12426.0,36609.3,33717.68,176.0,4288.48,29429.200000000004
2026-05,BKK_Sukhumvit,Pineapple,4143,201086.2,33002.69,24858,20715.0,56121.659999999996,66388.85,170.0,2368.25,64020.600000000006
2026-05,BKK_Sukhumvit,Watermelon,6454,283394.25,45792.71,38724,32270.0,74767.455,91840.085,195.0,2554.29,89285.795
2026-05,Pattaya_Beach,Guava,3000,144714.15,28059.58,18000,16500.0,40202.001,41952.569,166.0,2555.37,39397.199
2026-05,Pattaya_Beach,MixedBerryPremium,1415,123474.15,52722.12,11320,9905.0,33604.62,15922.41,282.0,12779.210000000001,3143.2000000000003
2026-05,Pattaya_Beach,PassionFruit,2364,152256.0,43395.96,14184,14184.0,41248.74,39243.3,213.0,5187.23,34056.07
2026-05,Pattaya_Beach,Pineapple,4645,225164.8,36961.52,27870,23225.0,62395.619999999995,74712.66,205.0,2860.54,71852.12000000001
2026-05,Pattaya_Beach,Watermelon,7321,321619.5,52005.97,43926,36605.0,87439.635,101642.895,216.0,2833.56,98809.335
2026-05,Pattaya_Central,Guava,3503,169429.75,32756.94,21018,19266.5,46178.58,50209.73,195.0,2989.2200000000003,47220.51
2026-05,Pattaya_Central,MixedBerryPremium,1744,152083.2,64971.48,13952,12208.0,42335.52,18616.2,413.0,18702.170000000002,-85.96999999999878
2026-05,Pattaya_Central,PassionFruit,2768,177684.0,50717.52,16608,16608.0,49019.1,44731.380000000005,227.0,5527.78,39203.6
2026-05,Pattaya_Central,Pineapple,5531,268147.6,44095.71,33186,27655.0,73226.58,89984.31000000001,222.0,3100.06,86884.25
2026-05,Pattaya_Central,Watermelon,8566,376526.25,60827.39,51396,42830.0,102808.70999999999,118664.15000000001,255.0,3339.45,115324.7
2026-06,BKK_Ladprao,Guava,1046,49932.96,10897.29,6276,5753.0,14263.2336,12743.436399999999,96.0,1578.27,11165.1664
2026-06,BKK_Ladprao,MixedBerryPremium,477,40762.89,19961.86,3816,3339.0,11378.1516,2267.8784,201.0,10046.58,-7778.701599999999
2026-06,BKK_Ladprao,PassionFruit,843,53264.25,23093.95,5058,5058.0,14454.375,5599.924999999999,138.0,4606.18,993.7449999999994
2026-06,BKK_Ladprao,Pineapple,1759,84162.4,14060.21,10554,8795.0,22931.2944,27821.8956,120.0,1676.95,26144.945600000003
2026-06,BKK_Ladprao,Watermelon,2702,118339.2,21927.3,16212,13510.0,32618.16,34071.74,143.0,2019.19,32052.55
2026-06,BKK_Sukhumvit,Guava,1741,83211.8,18139.2,10446,9575.5,22836.156,22214.944,94.0,1542.6299999999999,20672.314
2026-06,BKK_Sukhumvit,MixedBerryPremium,808,68900.24,33701.7,6464,5656.0,18527.931,4550.609,183.0,9106.44,-4555.830999999999
2026-06,BKK_Sukhumvit,PassionFruit,1458,92496.95,39988.200000000004,8748,8748.0,24965.265,10047.484999999999,138.0,4608.76,5438.724999999999
2026-06,BKK_Sukhumvit,Pineapple,2960,141294.44,23695.02,17760,14800.0,38361.0024,46678.4176,114.0,1596.8,45081.617600000005
2026-06,BKK_Sukhumvit,Watermelon,4210,184993.2,34147.88,25260,21050.0,51324.407999999996,53210.912,142.0,2000.32,51210.592
2026-06,Pattaya_Beach,Guava,1944,92778.56,20279.530000000002,11664,10692.0,25311.1656,24831.8644,90.0,1482.01,23349.8544
2026-06,Pattaya_Beach,MixedBerryPremium,900,76774.07,37511.59,7200,6300.0,20753.3226,5009.1574,195.0,9704.28,-4695.1226
2026-06,Pattaya_Beach,PassionFruit,1629,103145.25,44676.01,9774,9774.0,27038.544,11882.695999999998,159.0,5330.61,6552.085999999998
2026-06,Pattaya_Beach,Pineapple,3201,152525.24,25576.94,19206,16005.0,42464.4192,49272.8808,123.0,1725.18,47547.700800000006
2026-06,Pattaya_Beach,Watermelon,4823,211620.6,39149.21,28938,24115.0,57158.028,62260.362,157.0,2216.56,60043.801999999996
2026-06,Pattaya_Central,Guava,2382,114030.84,24789.510000000002,14292,13101.0,30875.291999999998,30973.038,130.0,2132.3399999999997,28840.698
2026-06,Pattaya_Central,MixedBerryPremium,1100,93765.95,45866.159999999996,8800,7700.0,25625.4318,5774.358200000001,244.0,12080.06,-6305.7018
2026-06,Pattaya_Central,PassionFruit,1804,113948.25,49406.86,10824,10824.0,32149.416,10743.973999999998,165.0,5487.93,5256.043999999999
2026-06,Pattaya_Central,Pineapple,3653,174575.24,29223.35,21918,18265.0,48046.303199999995,57122.586800000005,166.0,2319.75,54802.836800000005
2026-06,Pattaya_Central,Watermelon,5743,252016.2,46602.83,34458,28715.0,69879.024,72361.346,179.0,2532.31,69829.036
2026-07,BKK_Ladprao,Guava,1042,50011.36,10802.95,6252,5731.0,13794.48,13430.929999999998,78.0,1269.31,12161.619999999999
2026-07,BKK_Ladprao,MixedBerryPremium,361,31226.54,15908.099999999999,2888,2527.0,8684.442,1218.998000000001,151.0,7852.17,-6633.171999999999
2026-07,BKK_Ladprao,PassionFruit,812,51219.35,22519.65,4872,4872.0,13713.297,5242.403,110.0,3722.22,1520.1830000000007
2026-07,BKK_Ladprao,Pineapple,1685,80555.51,16339.220000000001,10110,8425.0,21520.5354,24160.7546,115.0,1807.29,22353.4646
2026-07,BKK_Ladprao,Watermelon,2457,107788.95,19117.37,14742,12285.0,29943.297,31701.283000000003,127.0,1750.5,29950.783000000003
2026-07,BKK_Sukhumvit,Guava,1708,82041.68,17743.34,10248,9394.0,22521.340799999998,22134.9992,86.0,1410.27,20724.7292
2026-07,BKK_Sukhumvit,MixedBerryPremium,667,58045.8,29441.59,5336,4669.0,15458.6592,3140.550800000002,143.0,7469.77,-4329.219199999999
2026-07,BKK_Sukhumvit,PassionFruit,1365,85820.15,37898.43,8190,8190.0,23604.906,7936.814,124.0,4182.13,3754.684
2026-07,BKK_Sukhumvit,Pineapple,2831,134868.09,27455.63,16986,14155.0,36546.111,39725.349,118.0,1851.69,37873.659
2026-07,BKK_Sukhumvit,Watermelon,4145,182188.35,32286.04,24870,20725.0,50846.913,53460.397000000004,128.0,1765.66,51694.737
2026-07,Pattaya_Beach,Guava,1942,93335.2,20182.18,11652,10681.0,25311.048,25508.971999999998,108.0,1781.62,23727.352
2026-07,Pattaya_Beach,MixedBerryPremium,779,67301.8,34321.83,6232,5453.0,18496.2648,2798.7052000000012,190.0,9888.34,-7089.634799999999
2026-07,Pattaya_Beach,PassionFruit,1573,99132.15,43726.55,9438,9438.0,27705.405,8824.195,140.0,4742.1,4082.0950000000003
2026-07,Pattaya_Beach,Pineapple,3066,146274.31,29760.04,18396,15330.0,40766.3928,42021.8772,117.0,1832.56,40189.3172
2026-07,Pattaya_Beach,Watermelon,4562,200484.0,35513.1,27372,22810.0,53643.6,61145.3,128.0,1764.5,59380.8
2026-07,Pattaya_Central,Guava,2257,108311.56,23377.8,13542,12413.5,29776.908,29201.352,118.0,1928.16,27273.192
2026-07,Pattaya_Central,MixedBerryPremium,943,81579.18,41525.17,7544,6601.0,22358.046,3550.9640000000018,216.0,11224.64,-7673.675999999999
2026-07,Pattaya_Central,PassionFruit,1839,115628.5,51065.76,11034,11034.0,31180.734,11314.006000000001,165.0,5559.2,5754.8060000000005
2026-07,Pattaya_Central,Pineapple,3643,174347.88,35376.770000000004,21858,18215.0,48543.3984,50354.7116,142.0,2234.24,48120.471600000004
2026-07,Pattaya_Central,Watermelon,5615,246782.7,43697.76,33690,28075.0,65438.657999999996,75881.282,164.0,2259.14,73622.142
2026-08,BKK_Ladprao,Guava,1028,49105.84,10200.27,6168,5654.0,13468.845599999999,13614.724400000001,90.0,1435.1399999999999,12179.584400000002
2026-08,BKK_Ladprao,MixedBerryPremium,366,31783.68,18510.47,2928,2562.0,8731.3272,-948.1171999999983,149.0,8716.14,-9664.257199999998
2026-08,BKK_Ladprao,PassionFruit,815,51708.8,22738.039999999997,4890,4890.0,13963.56,5227.200000000001,117.0,3979.56,1247.6400000000006
2026-08,BKK_Ladprao,Pineapple,1653,79113.44,16666.22,9918,8265.0,21037.464,23226.756,119.0,1914.06,21312.696
2026-08,BKK_Ladprao,Watermelon,2510,110194.2,19879.11,15060,12550.0,29765.124,32939.966,132.0,1840.43,31099.536
2026-08,BKK_Sukhumvit,Guava,1762,84364.28,17478.17,10572,9691.0,22437.6096,24185.500400000004,81.0,1290.29,22895.210400000004
2026-08,BKK_Sukhumvit,MixedBerryPremium,624,53958.92,31644.69,4992,4368.0,14372.2896,-1418.0595999999978,140.0,8181.41,-9599.469599999999
2026-08,BKK_Sukhumvit,PassionFruit,1376,87474.4,38359.0,8256,8256.0,24564.54,8038.860000000002,127.0,4297.89,3740.970000000002
2026-08,BKK_Sukhumvit,Pineapple,2813,134640.24,28433.94,16878,14065.0,36111.7848,39151.5152,108.0,1726.79,37424.7252
2026-08,BKK_Sukhumvit,Watermelon,4276,187817.4,33903.08,25656,21380.0,49548.564,57329.756,129.0,1795.33,55534.426
2026-08,Pattaya_Beach,Guava,2003,95379.48,19867.37,12018,11016.5,26457.7656,26019.8444,109.0,1730.71,24289.134400000003
2026-08,Pattaya_Beach,MixedBerryPremium,753,65091.04,37969.88,6024,5271.0,17502.597599999997,-1676.437599999997,172.0,10015.38,-11691.817599999997
2026-08,Pattaya_Beach,PassionFruit,1625,102650.6,45272.409999999996,9750,9750.0,27434.628,10443.562000000002,147.0,4983.01,5460.5520000000015
2026-08,Pattaya_Beach,Pineapple,2976,141960.84,30034.27,17856,14880.0,39080.3616,40110.2084,129.0,2074.42,38035.788400000005
2026-08,Pattaya_Beach,Watermelon,4899,214385.4,38863.67,29394,24495.0,59679.612,61953.118,163.0,2272.61,59680.508
2026-08,Pattaya_Central,Guava,2333,111179.04,23121.27,13998,12831.5,31127.543999999998,30100.726000000002,129.0,2051.48,28049.246000000003
2026-08,Pattaya_Central,MixedBerryPremium,795,68910.92,40290.07,6360,5565.0,18986.4768,-2290.6267999999973,171.0,10082.03,-12372.656799999997
2026-08,Pattaya_Central,PassionFruit,1909,120705.0,53179.71,11454,11454.0,33138.768,11478.522000000003,161.0,5455.65,6022.872000000002
2026-08,Pattaya_Central,Pineapple,3634,173573.68,36677.09,21804,18170.0,46976.496,49946.094000000005,144.0,2311.05,47635.044
2026-08,Pattaya_Central,Watermelon,5655,247917.6,44838.85,33930,28275.0,66304.872,74568.878,168.0,2338.56,72230.318
