sku,platform_code,units,revenue,contribution,commission_rate,base_price,realized_price,fruit_cost_per_cup_thb,packaging_cost_per_cup_thb,labor_cost_per_cup_thb,waste_per_sold,variable_cost_including_waste,break_even_price,price_for_10pct_margin,recent_contribution_per_cup,base_price_gp_per_cup
Guava,GB,5573,265035.12,80449.6312,0.24,49.0,47.55699264310066,10.04,6,5.5,0.0569061205346674,22.452774173376064,29.543123912336924,34.01935480814555,14.435605813744841,14.787225826623938
Guava,LM,7220,347174.8,86839.74,0.3,49.0,48.08515235457064,10.04,6,5.5,0.0569061205346674,22.452774173376064,32.07539167625152,37.42129028896011,12.027664819944599,11.847225826623934
MixedBerryPremium,GB,2344,203774.4,9152.264000000008,0.24,89.0,86.9344709897611,52.235,8,7,0.2520530638029059,82.41741629816804,108.44396881337899,124.87487317904247,3.904549488054611,-14.777416298168035
MixedBerryPremium,LM,2405,207167.08,-5414.483999999992,0.3,89.0,86.140158004158,52.235,8,7,0.2520530638029059,82.41741629816804,117.73916614024006,137.36236049694674,-2.2513446985446954,-20.11741629816804
PassionFruit,GB,4574,288811.25,36823.9,0.24,65.0,63.141943594228245,28.654999999999998,6,6,0.09770395701025891,44.04093063019052,57.94859293446122,66.72868277301595,8.05069960647136,5.359069369809475
PassionFruit,LM,5661,356851.3,23603.420000000006,0.3,65.0,63.036795619148556,28.654999999999998,6,6,0.09770395701025891,44.04093063019052,62.91561518598647,73.40155105031754,4.169478890655363,1.4590693698094768
Pineapple,GB,9401,448837.55,143000.11800000002,0.24,49.0,47.74359642591214,10.084999999999999,6,5,0.04409573939815275,21.79427996821929,28.676684168709592,33.02163631548377,15.211160302095523,15.445720031780713
Pineapple,LM,10737,512861.44,133888.86800000002,0.3,49.0,47.76580422836919,10.084999999999999,6,5,0.04409573939815275,21.79427996821929,31.1346856688847,36.32379994703215,12.469858247182641,12.505720031780708
Watermelon,GB,15480,684189.0,228257.67,0.24,45.0,44.19825581395349,7.945,6,5,0.03344373011234496,19.41137281641665,25.54128002160086,29.411170933964623,14.745327519379845,14.788627183583351
Watermelon,LM,15318,671252.4,180619.03,0.3,45.0,43.82115158636898,7.945,6,5,0.03344373011234496,19.41137281641665,27.730532594880934,32.35228802736109,11.79129324977151,12.088627183583345
