date,kitchen,sku,platform_code,base_code,units_sold,revenue,contribution,month,dow,control_days,baseline_units,baseline_contribution,matched
2025-09-05,BKK_Ladprao,Pineapple,GB,RC101,86,3581.9,926.564,2025-09,4,2.0,54.0,834.36,True
2025-09-05,BKK_Sukhumvit,Pineapple,GB,RC101,115,4789.75,1239.01,2025-09,4,1.0,98.0,1527.82,False
2025-09-05,Pattaya_Beach,Pineapple,GB,RC101,123,5122.95,1325.202,2025-09,4,2.0,84.0,1336.56,True
2025-09-05,Pattaya_Central,Pineapple,LM,RC101,159,6622.35,1315.7250000000001,2025-09,4,1.0,111.0,1487.4,False
2025-09-09,BKK_Ladprao,Guava,LM,RC102,60,2352.0,388.20000000000005,2025-09,1,3.0,29.333333333333332,394.3733333333334,True
2025-09-09,BKK_Ladprao,PassionFruit,LM,RC102,65,3380.0,336.70000000000016,2025-09,1,,,,False
2025-09-09,BKK_Ladprao,Pineapple,LM,RC102,114,4468.8,625.8600000000001,2025-09,1,1.0,56.0,793.52,False
2025-09-09,BKK_Ladprao,Watermelon,LM,RC102,155,5580.0,1010.6000000000001,2025-09,1,,,,False
2025-09-09,BKK_Sukhumvit,Guava,LM,RC102,100,3920.0,647.0000000000001,2025-09,1,4.0,52.75,716.7150000000001,True
2025-09-09,BKK_Sukhumvit,PassionFruit,GB,RC102,83,4316.0,688.9,2025-09,1,2.0,41.5,768.085,True
2025-09-09,BKK_Sukhumvit,Pineapple,LM,RC102,147,5762.4,807.0300000000002,2025-09,1,,,,False
2025-09-09,BKK_Sukhumvit,Watermelon,GB,RC102,217,7812.0,1883.5600000000004,2025-09,1,2.0,140.0,2109.08,True
2025-09-09,Pattaya_Beach,Guava,GB,RC102,79,3096.8,696.9380000000001,2025-09,1,1.0,71.0,1204.8700000000001,False
2025-09-09,Pattaya_Beach,PassionFruit,LM,RC102,84,4368.0,435.1200000000002,2025-09,1,1.0,46.0,675.7399999999999,False
2025-09-09,Pattaya_Beach,Pineapple,GB,RC102,149,5840.8,1168.4580000000003,2025-09,1,,,,False
2025-09-09,Pattaya_Beach,Watermelon,GB,RC102,243,8748.0,2109.2400000000002,2025-09,1,2.0,135.0,2028.5500000000002,True
2025-09-09,Pattaya_Central,Guava,GB,RC102,101,3959.2000000000003,891.0219999999999,2025-09,1,2.0,72.0,1187.9850000000001,True
2025-09-09,Pattaya_Central,PassionFruit,LM,RC102,73,3796.0,378.14000000000004,2025-09,1,1.0,43.0,597.6999999999999,False
2025-09-09,Pattaya_Central,Pineapple,LM,RC102,196,7683.2,1076.0400000000002,2025-09,1,1.0,122.0,1728.7399999999998,False
2025-09-09,Pattaya_Central,Watermelon,LM,RC102,275,9900.0,1793.0000000000005,2025-09,1,3.0,164.0,2047.7733333333333,True
2025-09-12,BKK_Ladprao,Watermelon,GB,RC101,91,3480.75,945.49,2025-09,4,1.0,76.0,1178.0,False
2025-09-12,BKK_Sukhumvit,Watermelon,GB,RC101,175,6693.75,1818.25,2025-09,4,,,,False
2025-09-12,Pattaya_Beach,Watermelon,GB,RC101,204,7803.0,2119.56,2025-09,4,3.0,143.33333333333334,2175.5,True
2025-09-12,Pattaya_Central,Watermelon,LM,RC101,209,7994.25,1691.855,2025-09,4,,,,False
2025-09-15,BKK_Ladprao,Guava,GB,RC103,28,1207.36,350.0336,2025-09,0,1.0,29.0,471.8300000000001,False
2025-09-15,BKK_Ladprao,PassionFruit,GB,RC103,19,1086.8000000000002,225.56799999999998,2025-09,0,1.0,26.0,478.92,False
2025-09-15,BKK_Ladprao,Pineapple,LM,RC103,63,2716.56,584.8919999999999,2025-09,0,3.0,49.0,628.3833333333334,True
2025-09-15,BKK_Ladprao,Watermelon,LM,RC103,85,3366.0,766.6999999999998,2025-09,0,2.0,85.5,1072.8899999999999,True
2025-09-15,BKK_Sukhumvit,Guava,LM,RC103,53,2285.36,525.4420000000002,2025-09,0,1.0,59.0,820.1000000000001,False
2025-09-15,BKK_Sukhumvit,PassionFruit,GB,RC103,42,2402.4,498.6239999999999,2025-09,0,,,,False
2025-09-15,BKK_Sukhumvit,Pineapple,GB,RC103,99,4268.88,1175.2488,2025-09,0,,,,False
2025-09-15,BKK_Sukhumvit,Watermelon,LM,RC103,139,5504.4,1253.7799999999997,2025-09,0,2.0,124.5,1570.35,True
2025-09-15,Pattaya_Beach,Guava,LM,RC103,73,3147.7599999999998,723.7220000000002,2025-09,0,2.0,57.0,754.23,True
2025-09-15,Pattaya_Beach,PassionFruit,LM,RC103,34,1944.8,286.9599999999999,2025-09,0,2.0,46.0,693.9549999999999,True
2025-09-15,Pattaya_Beach,Pineapple,LM,RC103,122,5260.64,1132.6479999999997,2025-09,0,2.0,87.0,1125.275,True
2025-09-15,Pattaya_Beach,Watermelon,LM,RC103,175,6930.0,1578.4999999999998,2025-09,0,1.0,149.0,1844.6200000000001,False
2025-09-15,Pattaya_Central,Guava,GB,RC103,88,3794.56,1100.1055999999999,2025-09,0,1.0,70.0,1126.3000000000002,False
2025-09-15,Pattaya_Central,PassionFruit,LM,RC103,53,3031.6,447.31999999999994,2025-09,0,2.0,52.0,787.86,True
2025-09-15,Pattaya_Central,Pineapple,GB,RC103,106,4570.72,1258.3472,2025-09,0,1.0,100.0,1636.0,False
2025-09-15,Pattaya_Central,Watermelon,GB,RC103,178,7048.8,2028.4880000000003,2025-09,0,2.0,161.0,2458.49,True
2025-09-21,BKK_Ladprao,Guava,LM,RC103,39,1681.68,386.64600000000013,2025-09,6,2.0,34.0,459.85000000000014,True
2025-09-21,BKK_Ladprao,PassionFruit,LM,RC103,16,915.2,135.03999999999996,2025-09,6,3.0,22.0,323.9733333333333,True
2025-09-21,BKK_Ladprao,Pineapple,LM,RC103,46,1983.52,427.06399999999996,2025-09,6,1.0,46.0,581.9000000000001,False
2025-09-21,BKK_Ladprao,Watermelon,GB,RC103,103,4078.7999999999997,1173.788,2025-09,6,1.0,81.0,1221.4800000000002,False
2025-09-21,BKK_Sukhumvit,Guava,GB,RC103,57,2457.84,712.5684,2025-09,6,2.0,51.0,825.45,True
2025-09-21,BKK_Sukhumvit,PassionFruit,GB,RC103,52,2974.4,617.3439999999999,2025-09,6,1.0,45.0,828.9,False
2025-09-21,BKK_Sukhumvit,Pineapple,GB,RC103,103,4441.36,1222.7336,2025-09,6,,,,False
2025-09-21,BKK_Sukhumvit,Watermelon,LM,RC103,144,5702.4,1298.8799999999999,2025-09,6,2.0,135.0,1701.44,True
2025-09-21,Pattaya_Beach,Guava,GB,RC103,68,2932.16,850.0816,2025-09,6,1.0,66.0,1111.44,False
2025-09-21,Pattaya_Beach,PassionFruit,LM,RC103,46,2631.2,388.2399999999999,2025-09,6,1.0,48.0,757.92,False
2025-09-21,Pattaya_Beach,Pineapple,GB,RC103,114,4915.68,1353.3167999999998,2025-09,6,2.0,120.5,1900.7600000000002,True
2025-09-21,Pattaya_Beach,Watermelon,LM,RC103,208,8236.8,1876.16,2025-09,6,,,,False
2025-09-21,Pattaya_Central,Guava,LM,RC103,72,3104.64,713.8080000000002,2025-09,6,2.0,82.0,1113.865,True
2025-09-21,Pattaya_Central,PassionFruit,LM,RC103,88,5033.6,742.7199999999999,2025-09,6,1.0,69.0,1089.51,False
2025-09-21,Pattaya_Central,Pineapple,LM,RC103,130,5605.6,1206.9199999999998,2025-09,6,1.0,133.0,1642.5500000000002,False
2025-09-21,Pattaya_Central,Watermelon,GB,RC103,247,9781.199999999999,2814.8119999999994,2025-09,6,1.0,208.0,3115.84,False
2025-09-29,BKK_Ladprao,Guava,LM,RC103,38,1638.56,345.572,2025-09,0,2.0,32.5,435.2500000000001,True
2025-09-29,BKK_Ladprao,PassionFruit,GB,RC103,25,1430.0,316.5500000000002,2025-09,0,1.0,26.0,478.92,False
2025-09-29,BKK_Ladprao,Pineapple,GB,RC103,61,2630.32,771.1132,2025-09,0,,,,False
2025-09-29,BKK_Ladprao,Watermelon,LM,RC103,82,3247.2,711.76,2025-09,0,2.0,85.5,1072.8899999999999,True
2025-09-29,BKK_Sukhumvit,Guava,GB,RC103,55,2371.6,642.4659999999999,2025-09,0,2.0,58.5,946.845,True
2025-09-29,BKK_Sukhumvit,PassionFruit,LM,RC103,46,2631.2,424.58000000000004,2025-09,0,3.0,43.0,640.6899999999999,True
2025-09-29,BKK_Sukhumvit,Pineapple,GB,RC103,95,4096.4,1200.9139999999998,2025-09,0,,,,False
2025-09-29,BKK_Sukhumvit,Watermelon,LM,RC103,150,5940.0,1302.0,2025-09,0,2.0,124.5,1570.35,True
2025-09-29,Pattaya_Beach,Guava,LM,RC103,69,2975.28,627.4860000000001,2025-09,0,2.0,57.0,754.23,True
2025-09-29,Pattaya_Beach,PassionFruit,LM,RC103,61,3489.2,563.03,2025-09,0,2.0,46.0,693.9549999999999,True
2025-09-29,Pattaya_Beach,Pineapple,LM,RC103,121,5217.5199999999995,1216.5339999999997,2025-09,0,2.0,87.0,1125.275,True
2025-09-29,Pattaya_Beach,Watermelon,LM,RC103,136,5385.6,1180.48,2025-09,0,1.0,149.0,1844.6200000000001,False
2025-09-29,Pattaya_Central,Guava,GB,RC103,80,3449.6,934.4959999999999,2025-09,0,1.0,70.0,1126.3000000000002,False
2025-09-29,Pattaya_Central,PassionFruit,GB,RC103,63,3603.6,797.7060000000002,2025-09,0,1.0,62.0,1142.04,False
2025-09-29,Pattaya_Central,Pineapple,GB,RC103,112,4829.44,1415.8143999999998,2025-09,0,1.0,100.0,1636.0,False
2025-09-29,Pattaya_Central,Watermelon,LM,RC103,170,6732.0,1475.6000000000001,2025-09,0,1.0,156.0,1931.2800000000002,False
2025-10-10,BKK_Ladprao,Guava,GB,RC102,57,2234.4,481.19399999999996,2025-10,4,3.0,35.333333333333336,579.36,True
2025-10-10,BKK_Ladprao,PassionFruit,LM,RC102,37,1924.0,180.93000000000004,2025-10,4,1.0,24.0,352.55999999999995,False
2025-10-10,BKK_Ladprao,Pineapple,GB,RC102,115,4508.0,1044.4299999999998,2025-10,4,,,,False
2025-10-10,BKK_Ladprao,Watermelon,GB,RC102,137,4932.0,1116.55,2025-10,4,,,,False
2025-10-10,BKK_Sukhumvit,Guava,LM,RC102,87,3410.4,529.83,2025-10,4,3.0,54.0,728.0233333333334,True
2025-10-10,BKK_Sukhumvit,PassionFruit,LM,RC102,77,4004.0,376.53000000000014,2025-10,4,2.0,49.0,696.8599999999999,True
2025-10-10,BKK_Sukhumvit,Pineapple,GB,RC102,178,6977.6,1616.5959999999998,2025-10,4,3.0,81.0,1341.91,True
2025-10-10,BKK_Sukhumvit,Watermelon,GB,RC102,198,7128.0,1613.6999999999998,2025-10,4,2.0,124.5,1918.8600000000001,True
2025-10-10,Pattaya_Beach,Guava,LM,RC102,96,3763.2000000000003,584.6400000000001,2025-10,4,2.0,59.0,800.0000000000001,True
2025-10-10,Pattaya_Beach,PassionFruit,GB,RC102,71,3692.0,568.7099999999999,2025-10,4,1.0,35.0,619.1499999999999,False
2025-10-10,Pattaya_Beach,Pineapple,LM,RC102,163,6389.6,1096.99,2025-10,4,2.0,100.0,1353.14,True
2025-10-10,Pattaya_Beach,Watermelon,GB,RC102,228,8208.0,1858.1999999999998,2025-10,4,,,,False
2025-10-10,Pattaya_Central,Guava,LM,RC102,144,5644.8,876.9600000000003,2025-10,4,2.0,67.0,912.5150000000001,True
2025-10-10,Pattaya_Central,PassionFruit,LM,RC102,114,5928.0,557.4599999999999,2025-10,4,1.0,53.0,730.8699999999999,False
2025-10-10,Pattaya_Central,Pineapple,GB,RC102,184,7212.8,1671.0879999999997,2025-10,4,1.0,127.0,2015.4900000000007,False
2025-10-10,Pattaya_Central,Watermelon,LM,RC102,252,9072.0,1509.48,2025-10,4,1.0,133.0,1681.12,False
2025-10-13,BKK_Ladprao,Guava,LM,RC101,45,1874.25,392.1750000000001,2025-10,0,1.0,29.0,387.44,False
2025-10-13,BKK_Sukhumvit,Guava,LM,RC101,63,2623.95,549.0450000000002,2025-10,0,2.0,52.5,714.6300000000001,True
2025-10-13,Pattaya_Beach,Guava,LM,RC101,70,2915.5,610.0500000000002,2025-10,0,,,,False
2025-10-13,Pattaya_Central,Guava,LM,RC101,73,3040.45,636.1950000000002,2025-10,0,1.0,61.0,814.96,False
2025-10-15,BKK_Ladprao,Guava,GB,RC101,43,1790.95,482.20200000000017,2025-10,2,2.0,36.5,583.885,True
2025-10-15,BKK_Sukhumvit,Guava,GB,RC101,87,3623.55,975.6180000000003,2025-10,2,2.0,57.5,925.1550000000002,True
2025-10-15,Pattaya_Beach,Guava,LM,RC101,68,2832.2,592.6200000000002,2025-10,2,3.0,57.666666666666664,768.0566666666668,True
2025-10-15,Pattaya_Central,Guava,LM,RC101,102,4248.3,888.9300000000003,2025-10,2,3.0,64.33333333333333,846.6533333333333,True
2025-10-17,BKK_Ladprao,Guava,LM,RC103,38,1638.56,370.27200000000005,2025-10,4,,,,False
2025-10-17,BKK_Ladprao,PassionFruit,GB,RC103,27,1544.4,384.80400000000003,2025-10,4,2.0,25.5,478.395,True
2025-10-17,BKK_Ladprao,Pineapple,LM,RC103,61,2630.32,597.434,2025-10,4,3.0,46.333333333333336,626.5100000000001,True
2025-10-17,BKK_Ladprao,Watermelon,GB,RC103,93,3682.8,1011.4680000000001,2025-10,4,,,,False
2025-10-17,BKK_Sukhumvit,Guava,LM,RC103,45,1940.4,438.48,2025-10,4,3.0,54.0,728.0233333333334,True
2025-10-17,BKK_Sukhumvit,PassionFruit,LM,RC103,52,2974.4,562.6400000000002,2025-10,4,2.0,49.0,696.8599999999999,True
2025-10-17,BKK_Sukhumvit,Pineapple,GB,RC103,92,3967.04,1139.0703999999998,2025-10,4,3.0,81.0,1341.91,True
2025-10-17,BKK_Sukhumvit,Watermelon,GB,RC103,161,6375.6,1751.0360000000003,2025-10,4,2.0,124.5,1918.8600000000001,True
2025-10-17,Pattaya_Beach,Guava,GB,RC103,72,3104.64,887.8464000000001,2025-10,4,1.0,52.0,839.8,False
2025-10-17,Pattaya_Beach,PassionFruit,LM,RC103,63,3603.6,681.6600000000003,2025-10,4,2.0,48.5,746.065,True
2025-10-17,Pattaya_Beach,Pineapple,LM,RC103,97,4182.64,950.0179999999999,2025-10,4,2.0,100.0,1353.14,True
2025-10-17,Pattaya_Beach,Watermelon,LM,RC103,160,6336.0,1359.9999999999998,2025-10,4,3.0,142.33333333333334,1796.14,True
2025-10-17,Pattaya_Central,Guava,GB,RC103,70,3018.4,863.1840000000001,2025-10,4,1.0,53.0,855.95,False
2025-10-17,Pattaya_Central,PassionFruit,LM,RC103,56,3203.2,605.9200000000002,2025-10,4,1.0,53.0,730.8699999999999,False
2025-10-17,Pattaya_Central,Pineapple,GB,RC103,162,6985.4400000000005,2005.7543999999998,2025-10,4,1.0,127.0,2015.4900000000007,False
2025-10-17,Pattaya_Central,Watermelon,LM,RC103,162,6415.2,1376.9999999999998,2025-10,4,1.0,133.0,1681.12,False
2025-10-19,BKK_Ladprao,Guava,LM,RC103,28,1207.36,272.832,2025-10,6,2.0,34.5,458.22,True
2025-10-19,BKK_Ladprao,PassionFruit,LM,RC103,21,1201.2,227.2200000000001,2025-10,6,3.0,23.0,325.0033333333333,True
2025-10-19,BKK_Ladprao,Pineapple,GB,RC103,52,2242.2400000000002,643.8224,2025-10,6,2.0,53.5,888.105,True
2025-10-19,BKK_Ladprao,Watermelon,LM,RC103,102,4039.2,866.9999999999999,2025-10,6,2.0,74.5,931.285,True
2025-10-19,BKK_Sukhumvit,Guava,LM,RC103,68,2932.16,662.5920000000001,2025-10,6,1.0,53.0,708.0800000000002,False
2025-10-19,BKK_Sukhumvit,PassionFruit,LM,RC103,39,2230.8,421.98000000000025,2025-10,6,2.0,44.0,610.9599999999998,True
2025-10-19,BKK_Sukhumvit,Pineapple,GB,RC103,102,4398.24,1262.8824,2025-10,6,3.0,91.33333333333333,1506.2933333333333,True
2025-10-19,BKK_Sukhumvit,Watermelon,GB,RC103,157,6217.2,1707.532,2025-10,6,,,,False
2025-10-19,Pattaya_Beach,Guava,GB,RC103,83,3578.96,1023.4896000000002,2025-10,6,2.0,63.0,1012.5500000000002,True
2025-10-19,Pattaya_Beach,PassionFruit,GB,RC103,54,3088.8,769.6080000000001,2025-10,6,2.0,49.5,902.705,True
2025-10-19,Pattaya_Beach,Pineapple,GB,RC103,113,4872.5599999999995,1399.0756,2025-10,6,3.0,116.0,1913.7266666666667,True
2025-10-19,Pattaya_Beach,Watermelon,LM,RC103,195,7722.0,1657.4999999999998,2025-10,6,3.0,156.0,1951.4333333333334,True
2025-10-19,Pattaya_Central,Guava,LM,RC103,94,4053.2799999999997,915.9360000000001,2025-10,6,2.0,82.5,1095.45,True
2025-10-19,Pattaya_Central,PassionFruit,GB,RC103,77,4404.4,1097.404,2025-10,6,,,,False
2025-10-19,Pattaya_Central,Pineapple,LM,RC103,155,6683.599999999999,1518.0699999999997,2025-10,6,1.0,145.0,1970.55,False
2025-10-19,Pattaya_Central,Watermelon,LM,RC103,209,8276.4,1776.4999999999998,2025-10,6,2.0,201.5,2525.925,True
2025-10-28,BKK_Ladprao,PassionFruit,LM,RC101,37,2044.25,335.405,2025-10,1,,,,False
2025-10-28,BKK_Sukhumvit,PassionFruit,LM,RC101,47,2596.75,426.0549999999999,2025-10,1,2.0,39.5,589.5250000000001,True
2025-10-28,Pattaya_Beach,PassionFruit,LM,RC101,64,3536.0,580.1599999999999,2025-10,1,1.0,51.0,830.2800000000001,False
2025-10-28,Pattaya_Central,PassionFruit,LM,RC101,62,3425.5,562.0299999999999,2025-10,1,,,,False
2025-11-06,BKK_Ladprao,Watermelon,GB,RC101,128,4896.0,1327.36,2025-11,3,,,,False
2025-11-06,BKK_Sukhumvit,Watermelon,GB,RC101,218,8338.5,2260.6600000000003,2025-11,3,1.0,172.0,2588.6000000000004,False
2025-11-06,Pattaya_Beach,Watermelon,LM,RC101,214,8185.5,1728.0500000000002,2025-11,3,1.0,152.0,1907.6,False
2025-11-06,Pattaya_Central,Watermelon,LM,RC101,269,10289.25,2172.175,2025-11,3,1.0,190.0,2346.5,False
2025-11-11,BKK_Ladprao,Guava,GB,RC102,63,2469.6,562.716,2025-11,1,2.0,43.0,734.22,True
2025-11-11,BKK_Ladprao,PassionFruit,LM,RC102,62,3224.0,400.52,2025-11,1,1.0,32.0,524.1599999999999,False
2025-11-11,BKK_Ladprao,Pineapple,LM,RC102,82,3214.4,473.14000000000016,2025-11,1,1.0,63.0,883.26,False
2025-11-11,BKK_Ladprao,Watermelon,LM,RC102,157,5652.0,981.25,2025-11,1,,,,False
2025-11-11,BKK_Sukhumvit,Guava,GB,RC102,96,3763.2,857.472,2025-11,1,2.0,61.0,1052.455,True
2025-11-11,BKK_Sukhumvit,PassionFruit,LM,RC102,102,5304.0,658.9199999999998,2025-11,1,2.0,60.0,962.6599999999999,True
2025-11-11,BKK_Sukhumvit,Pineapple,GB,RC102,178,6977.6,1445.7160000000001,2025-11,1,1.0,110.0,1865.6000000000001,False
2025-11-11,BKK_Sukhumvit,Watermelon,GB,RC102,271,9756.0,2279.11,2025-11,1,,,,False
2025-11-11,Pattaya_Beach,Guava,LM,RC102,95,3724.0,625.1000000000003,2025-11,1,1.0,70.0,1003.8,False
2025-11-11,Pattaya_Beach,PassionFruit,LM,RC102,118,6136.0,762.2799999999997,2025-11,1,3.0,56.666666666666664,879.4066666666668,True
2025-11-11,Pattaya_Beach,Pineapple,LM,RC102,204,7996.8,1177.0800000000004,2025-11,1,,,,False
2025-11-11,Pattaya_Beach,Watermelon,LM,RC102,305,10980.0,1906.25,2025-11,1,2.0,160.5,2009.94,True
2025-11-11,Pattaya_Central,Guava,LM,RC102,98,3841.6000000000004,644.8400000000004,2025-11,1,1.0,92.0,1319.28,False
2025-11-11,Pattaya_Central,PassionFruit,LM,RC102,117,6084.0,755.8199999999999,2025-11,1,2.0,72.0,1091.1650000000002,True
2025-11-11,Pattaya_Central,Pineapple,LM,RC102,203,7957.6,1171.3100000000002,2025-11,1,2.0,126.5,1693.065,True
2025-11-11,Pattaya_Central,Watermelon,GB,RC102,290,10440.0,2438.8999999999996,2025-11,1,1.0,209.0,3239.5,False
2025-12-12,BKK_Ladprao,Guava,GB,RC102,66,2587.2000000000003,656.172,2025-12,4,1.0,37.0,614.94,False
2025-12-12,BKK_Ladprao,PassionFruit,GB,RC102,60,3120.0,606.5999999999999,2025-12,4,1.0,36.0,656.2799999999999,False
2025-12-12,BKK_Ladprao,Pineapple,LM,RC102,99,3880.8,623.7,2025-12,4,1.0,64.0,855.0400000000001,False
2025-12-12,BKK_Ladprao,Watermelon,GB,RC102,130,4680.0,1090.7,2025-12,4,1.0,90.0,1347.3,False
2025-12-12,BKK_Sukhumvit,Guava,GB,RC102,105,4116.0,1043.91,2025-12,4,2.0,67.0,1113.9,True
2025-12-12,BKK_Sukhumvit,PassionFruit,LM,RC102,111,5772.0,775.89,2025-12,4,1.0,68.0,971.72,False
2025-12-12,BKK_Sukhumvit,Pineapple,LM,RC102,177,6938.4,1115.1000000000004,2025-12,4,2.0,117.5,1560.11,True
2025-12-12,BKK_Sukhumvit,Watermelon,GB,RC102,318,11448.0,2668.02,2025-12,4,1.0,150.0,2263.5000000000005,False
2025-12-12,Pattaya_Beach,Guava,LM,RC102,114,4468.8,865.26,2025-12,4,3.0,69.0,937.8666666666667,True
2025-12-12,Pattaya_Beach,PassionFruit,GB,RC102,99,5148.0,1000.8899999999999,2025-12,4,,,,False
2025-12-12,Pattaya_Beach,Pineapple,LM,RC102,171,6703.2,1077.3000000000002,2025-12,4,2.0,112.0,1487.395,True
2025-12-12,Pattaya_Beach,Watermelon,LM,RC102,326,11736.0,2030.9800000000002,2025-12,4,1.0,197.0,2440.83,False
2025-12-12,Pattaya_Central,Guava,GB,RC102,150,5880.0,1491.3,2025-12,4,1.0,85.0,1391.4500000000003,False
2025-12-12,Pattaya_Central,PassionFruit,LM,RC102,117,6084.0,817.83,2025-12,4,3.0,73.0,1074.07,True
2025-12-12,Pattaya_Central,Pineapple,LM,RC102,230,9016.0,1449.0,2025-12,4,2.0,154.5,2035.4550000000002,True
2025-12-12,Pattaya_Central,Watermelon,LM,RC102,340,12240.0,2118.2000000000003,2025-12,4,2.0,182.0,2243.46,True
2025-12-19,BKK_Ladprao,Watermelon,LM,RC101,129,4934.25,986.2049999999998,2025-12,4,1.0,77.0,954.03,False
2025-12-19,BKK_Sukhumvit,Watermelon,LM,RC101,197,7535.25,1506.0649999999996,2025-12,4,1.0,176.0,2159.52,False
2025-12-19,Pattaya_Beach,Watermelon,LM,RC101,208,7956.0,1590.1599999999999,2025-12,4,1.0,197.0,2440.83,False
2025-12-19,Pattaya_Central,Watermelon,LM,RC101,286,10939.5,2186.47,2025-12,4,2.0,182.0,2243.46,True
2025-12-24,BKK_Ladprao,Guava,LM,RC101,56,2332.4,478.5200000000001,2025-12,2,2.0,48.0,671.1300000000001,True
2025-12-24,BKK_Sukhumvit,Guava,GB,RC101,111,4623.15,1225.8840000000002,2025-12,2,2.0,69.5,1185.89,True
2025-12-24,Pattaya_Beach,Guava,GB,RC101,105,4373.25,1159.6200000000001,2025-12,2,4.0,68.25,1154.2575000000002,True
2025-12-24,Pattaya_Central,Guava,LM,RC101,109,4539.85,931.4050000000002,2025-12,2,2.0,80.0,1106.5200000000002,True
2026-01-01,BKK_Ladprao,Guava,LM,RC102,71,2783.2,528.95,2026-01,3,3.0,40.0,557.2,True
2026-01-01,BKK_Ladprao,PassionFruit,GB,RC102,55,2860.0,512.6,2026-01,3,1.0,49.0,972.6500000000001,False
2026-01-01,BKK_Ladprao,Pineapple,LM,RC102,91,3567.2000000000003,597.8700000000003,2026-01,3,2.0,60.0,794.355,True
2026-01-01,BKK_Ladprao,Watermelon,GB,RC102,160,5760.0,1398.4,2026-01,3,2.0,87.5,1341.8300000000002,True
2026-01-01,BKK_Sukhumvit,Guava,LM,RC102,99,3880.8,737.5500000000001,2026-01,3,4.0,75.0,1030.1425000000002,True
2026-01-01,BKK_Sukhumvit,PassionFruit,GB,RC102,79,4108.0,736.2800000000001,2026-01,3,2.0,59.5,1146.9499999999998,True
2026-01-01,BKK_Sukhumvit,Pineapple,LM,RC102,162,6350.4,1064.3400000000006,2026-01,3,3.0,110.0,1521.4399999999998,True
2026-01-01,BKK_Sukhumvit,Watermelon,LM,RC102,271,9756.0,1783.1800000000003,2026-01,3,1.0,175.0,2138.5,False
2026-01-01,Pattaya_Beach,Guava,LM,RC102,147,5762.4,1095.15,2026-01,3,2.0,63.0,886.2,True
2026-01-01,Pattaya_Beach,PassionFruit,LM,RC102,112,5824.0,694.4000000000003,2026-01,3,4.0,63.5,970.5374999999999,True
2026-01-01,Pattaya_Beach,Pineapple,LM,RC102,190,7448.0,1248.3000000000009,2026-01,3,3.0,111.33333333333333,1496.1066666666666,True
2026-01-01,Pattaya_Beach,Watermelon,GB,RC102,310,11160.0,2709.4,2026-01,3,3.0,168.33333333333334,2556.4733333333334,True
2026-01-01,Pattaya_Central,Guava,LM,RC102,134,5252.8,998.3,2026-01,3,2.0,79.0,1105.4,True
2026-01-01,Pattaya_Central,PassionFruit,GB,RC102,124,6448.0,1155.68,2026-01,3,,,,False
2026-01-01,Pattaya_Central,Pineapple,GB,RC102,243,9525.6,2168.0460000000003,2026-01,3,1.0,136.0,2320.1600000000003,False
2026-01-01,Pattaya_Central,Watermelon,GB,RC102,428,15408.0,3740.7200000000003,2026-01,3,2.0,184.5,2818.41,True
2026-01-18,BKK_Ladprao,Guava,LM,RC101,51,2124.15,436.30500000000006,2026-01,6,2.0,37.0,518.2800000000001,True
2026-01-18,BKK_Sukhumvit,Guava,GB,RC101,91,3790.15,1005.9140000000002,2026-01,6,,,,False
2026-01-18,Pattaya_Beach,Guava,LM,RC101,132,5497.8,1129.26,2026-01,6,,,,False
2026-01-18,Pattaya_Central,Guava,GB,RC101,129,5372.85,1425.9660000000003,2026-01,6,2.0,107.5,1810.2,True
2026-02-02,BKK_Ladprao,Guava,LM,RC102,77,3018.4,582.8900000000004,2026-02,0,2.0,46.0,659.9399999999998,True
2026-02-02,BKK_Ladprao,PassionFruit,LM,RC102,54,2808.0,292.68,2026-02,0,2.0,33.0,455.04999999999995,True
2026-02-02,BKK_Ladprao,Pineapple,LM,RC102,83,3253.6,534.52,2026-02,0,3.0,67.0,906.58,True
2026-02-02,BKK_Ladprao,Watermelon,GB,RC102,169,6084.0,1458.47,2026-02,0,2.0,92.5,1412.955,True
2026-02-02,BKK_Sukhumvit,Guava,LM,RC102,93,3645.6,704.0100000000004,2026-02,0,2.0,68.5,980.1899999999998,True
2026-02-02,BKK_Sukhumvit,PassionFruit,GB,RC102,83,4316.0,708.8199999999999,2026-02,0,2.0,51.5,938.5500000000001,True
2026-02-02,BKK_Sukhumvit,Pineapple,GB,RC102,214,8388.8,1881.488,2026-02,0,2.0,106.0,1779.3600000000001,True
2026-02-02,BKK_Sukhumvit,Watermelon,LM,RC102,278,10008.0,1798.66,2026-02,0,2.0,186.0,2294.885,True
2026-02-02,Pattaya_Beach,Guava,GB,RC102,120,4704.0,1190.6400000000003,2026-02,0,2.0,74.5,1288.6799999999998,True
2026-02-02,Pattaya_Beach,PassionFruit,GB,RC102,121,6292.0,1033.3400000000001,2026-02,0,1.0,63.0,1171.8,False
2026-02-02,Pattaya_Beach,Pineapple,GB,RC102,205,8036.0,1802.3600000000001,2026-02,0,1.0,123.0,2098.38,False
2026-02-02,Pattaya_Beach,Watermelon,LM,RC102,289,10404.0,1869.83,2026-02,0,,,,False
2026-02-02,Pattaya_Central,Guava,LM,RC102,157,6154.4,1188.4900000000007,2026-02,0,,,,False
2026-02-02,Pattaya_Central,PassionFruit,LM,RC102,135,7020.0,731.6999999999999,2026-02,0,3.0,71.66666666666667,1010.46,True
2026-02-02,Pattaya_Central,Pineapple,LM,RC102,263,10309.6,1693.7200000000003,2026-02,0,2.0,141.5,1956.8000000000002,True
2026-02-02,Pattaya_Central,Watermelon,GB,RC102,396,14256.0,3417.48,2026-02,0,1.0,216.0,3291.84,False
2026-02-11,BKK_Ladprao,Watermelon,LM,RC101,146,5584.5,1140.9900000000002,2026-02,2,2.0,113.0,1405.51,True
2026-02-11,BKK_Sukhumvit,Watermelon,LM,RC101,245,9371.25,1914.675,2026-02,2,1.0,179.0,2257.19,False
2026-02-11,Pattaya_Beach,Watermelon,LM,RC101,228,8721.0,1781.8200000000002,2026-02,2,1.0,175.0,2206.75,False
2026-02-11,Pattaya_Central,Watermelon,LM,RC101,262,10021.5,2047.53,2026-02,2,2.0,202.0,2503.88,True
2026-02-22,BKK_Ladprao,Watermelon,LM,RC101,147,5622.75,1159.095,2026-02,6,2.0,93.5,1188.13,True
2026-02-22,BKK_Sukhumvit,Watermelon,GB,RC101,198,7573.5,2015.64,2026-02,6,,,,False
2026-02-22,Pattaya_Beach,Watermelon,GB,RC101,282,10786.5,2870.76,2026-02,6,1.0,216.0,3365.28,False
2026-02-22,Pattaya_Central,Watermelon,LM,RC101,335,12813.75,2641.475,2026-02,6,1.0,254.0,3243.58,False
2026-02-24,BKK_Ladprao,PassionFruit,LM,RC101,42,2320.5,292.11,2026-02,1,1.0,39.0,573.3,False
2026-02-24,BKK_Sukhumvit,PassionFruit,LM,RC101,67,3701.75,465.98500000000007,2026-02,1,1.0,51.0,740.5199999999999,False
2026-02-24,Pattaya_Beach,PassionFruit,LM,RC101,80,4420.0,556.4000000000001,2026-02,1,2.0,53.5,762.6,True
2026-02-24,Pattaya_Central,PassionFruit,LM,RC101,108,5967.0,751.1400000000002,2026-02,1,1.0,73.0,1073.1,False
2026-03-03,BKK_Ladprao,Guava,GB,RC102,88,3449.6,825.6160000000001,2026-03,1,2.0,45.5,765.5350000000001,True
2026-03-03,BKK_Ladprao,MixedBerryPremium,GB,RC102,90,6408.0,487.98000000000036,2026-03,1,3.0,33.0,592.0500000000001,True
2026-03-03,BKK_Ladprao,PassionFruit,LM,RC102,74,3848.0,485.4400000000001,2026-03,1,2.0,33.0,495.495,True
2026-03-03,BKK_Ladprao,Pineapple,GB,RC102,151,5919.2,1262.662,2026-03,1,2.0,84.0,1337.32,True
2026-03-03,BKK_Ladprao,Watermelon,LM,RC102,221,7956.0,1502.8000000000002,2026-03,1,2.0,105.5,1410.935,True
2026-03-03,BKK_Sukhumvit,Guava,LM,RC102,147,5762.4,1033.41,2026-03,1,2.0,61.5,875.815,True
2026-03-03,BKK_Sukhumvit,MixedBerryPremium,LM,RC102,126,8971.199999999999,144.90000000000052,2026-03,1,2.0,50.0,624.6999999999999,True
2026-03-03,BKK_Sukhumvit,PassionFruit,GB,RC102,139,7228.0,1345.5200000000002,2026-03,1,1.0,72.0,1401.8400000000001,False
2026-03-03,BKK_Sukhumvit,Pineapple,GB,RC102,214,8388.8,1789.4680000000003,2026-03,1,2.0,131.0,2072.23,True
2026-03-03,BKK_Sukhumvit,Watermelon,LM,RC102,303,10908.0,2060.4,2026-03,1,2.0,181.5,2406.295,True
2026-03-03,Pattaya_Beach,Guava,LM,RC102,131,5135.2,920.9300000000001,2026-03,1,3.0,79.33333333333333,1081.3733333333332,True
2026-03-03,Pattaya_Beach,MixedBerryPremium,LM,RC102,112,7974.4,128.80000000000038,2026-03,1,2.0,65.5,860.6200000000002,True
2026-03-03,Pattaya_Beach,PassionFruit,GB,RC102,121,6292.0,1171.2800000000002,2026-03,1,2.0,52.0,995.7950000000001,True
2026-03-03,Pattaya_Beach,Pineapple,LM,RC102,240,9408.0,1442.4,2026-03,1,1.0,144.0,1916.6400000000003,False
2026-03-03,Pattaya_Beach,Watermelon,GB,RC102,403,14508.0,3610.88,2026-03,1,,,,False
2026-03-03,Pattaya_Central,Guava,LM,RC102,159,6232.8,1117.7700000000002,2026-03,1,2.0,95.5,1358.2000000000003,True
2026-03-03,Pattaya_Central,MixedBerryPremium,GB,RC102,143,10181.6,775.3460000000005,2026-03,1,3.0,77.0,1381.6366666666665,True
2026-03-03,Pattaya_Central,PassionFruit,LM,RC102,153,7956.0,1003.6800000000001,2026-03,1,2.0,79.5,1217.115,True
2026-03-03,Pattaya_Central,Pineapple,GB,RC102,274,10740.8,2291.188,2026-03,1,2.0,154.0,2453.9,True
2026-03-03,Pattaya_Central,Watermelon,LM,RC102,436,15696.0,2964.8000000000006,2026-03,1,3.0,245.66666666666666,3303.5833333333335,True
2026-03-06,BKK_Ladprao,PassionFruit,LM,RC101,35,1933.75,309.225,2026-03,4,2.0,39.0,620.1300000000001,True
2026-03-06,BKK_Sukhumvit,PassionFruit,LM,RC101,82,4530.5,724.4699999999999,2026-03,4,1.0,44.0,636.24,False
2026-03-06,Pattaya_Beach,PassionFruit,LM,RC101,82,4530.5,724.47,2026-03,4,2.0,58.5,898.92,True
2026-03-06,Pattaya_Central,PassionFruit,LM,RC101,92,5083.0,812.8200000000002,2026-03,4,2.0,84.0,1289.025,True
2026-03-20,BKK_Ladprao,MixedBerryPremium,GB,RC101,58,4387.7,449.15199999999993,2026-03,4,1.0,45.0,852.7500000000002,False
2026-03-20,BKK_Sukhumvit,MixedBerryPremium,LM,RC101,83,6278.95,266.015,2026-03,4,2.0,53.0,691.9300000000001,True
2026-03-20,Pattaya_Beach,MixedBerryPremium,GB,RC101,65,4917.25,503.36,2026-03,4,1.0,45.0,798.75,False
2026-03-20,Pattaya_Central,MixedBerryPremium,LM,RC101,108,8170.2,346.1400000000002,2026-03,4,2.0,65.0,819.7750000000001,True
2026-04-04,BKK_Ladprao,Guava,LM,RC102,96,3763.2,696.0000000000003,2026-04,5,1.0,50.0,691.0,False
2026-04-04,BKK_Ladprao,MixedBerryPremium,GB,RC102,52,3702.4,285.5840000000003,2026-04,5,,,,False
2026-04-04,BKK_Ladprao,PassionFruit,GB,RC102,75,3900.0,752.25,2026-04,5,2.0,51.0,935.07,True
2026-04-04,BKK_Ladprao,Pineapple,GB,RC102,157,6154.4,1381.914,2026-04,5,,,,False
2026-04-04,BKK_Ladprao,Watermelon,LM,RC102,211,7596.0,1546.63,2026-04,5,,,,False
2026-04-04,BKK_Sukhumvit,Guava,LM,RC102,162,6350.4,1174.5000000000002,2026-04,5,2.0,99.5,1293.2150000000001,True
2026-04-04,BKK_Sukhumvit,MixedBerryPremium,LM,RC102,85,6052.0,103.70000000000056,2026-04,5,1.0,46.0,557.06,False
2026-04-04,BKK_Sukhumvit,PassionFruit,GB,RC102,107,5564.0,1073.2100000000003,2026-04,5,1.0,78.0,1460.9399999999996,False
2026-04-04,BKK_Sukhumvit,Pineapple,GB,RC102,241,9447.2,2121.282,2026-04,5,1.0,142.0,2698.0,False
2026-04-04,BKK_Sukhumvit,Watermelon,LM,RC102,366,13176.0,2682.78,2026-04,5,3.0,221.33333333333334,2955.7333333333336,True
2026-04-04,Pattaya_Beach,Guava,LM,RC102,192,7526.4,1392.0000000000002,2026-04,5,,,,False
2026-04-04,Pattaya_Beach,MixedBerryPremium,LM,RC102,97,6906.4,118.34000000000032,2026-04,5,,,,False
2026-04-04,Pattaya_Beach,PassionFruit,LM,RC102,132,6864.0,912.1200000000002,2026-04,5,1.0,89.0,1319.87,False
2026-04-04,Pattaya_Beach,Pineapple,LM,RC102,331,12975.2,2134.95,2026-04,5,1.0,184.0,2912.72,False
2026-04-04,Pattaya_Beach,Watermelon,GB,RC102,463,16668.0,4393.87,2026-04,5,1.0,301.0,4794.93,False
2026-04-04,Pattaya_Central,Guava,LM,RC102,249,9760.8,1805.2500000000002,2026-04,5,1.0,140.0,1815.8,False
2026-04-04,Pattaya_Central,MixedBerryPremium,LM,RC102,96,6835.2,117.12000000000057,2026-04,5,1.0,75.0,908.2500000000001,False
2026-04-04,Pattaya_Central,PassionFruit,GB,RC102,175,9100.0,1755.2500000000005,2026-04,5,2.0,107.0,1975.8050000000003,True
2026-04-04,Pattaya_Central,Pineapple,LM,RC102,355,13916.0,2289.75,2026-04,5,1.0,205.0,3245.15,False
2026-04-04,Pattaya_Central,Watermelon,LM,RC102,543,19548.0,3980.1899999999996,2026-04,5,3.0,299.6666666666667,4003.263333333334,True
2026-04-11,BKK_Ladprao,MixedBerryPremium,LM,RC101,31,2345.15,139.65499999999986,2026-04,5,2.0,29.0,340.1400000000001,True
2026-04-11,BKK_Sukhumvit,MixedBerryPremium,GB,RC101,69,5219.85,624.0359999999998,2026-04,5,1.0,46.0,763.5999999999999,False
2026-04-11,Pattaya_Beach,MixedBerryPremium,GB,RC101,68,5144.2,614.9919999999997,2026-04,5,2.0,54.0,916.375,True
2026-04-11,Pattaya_Central,MixedBerryPremium,GB,RC101,106,8018.9,958.6639999999996,2026-04,5,1.0,65.0,1079.0,False
2026-04-16,BKK_Ladprao,Guava,LM,RC101,143,5955.95,1118.9750000000001,2026-04,3,1.0,49.0,677.1800000000001,False
2026-04-16,BKK_Sukhumvit,Guava,LM,RC101,190,7913.5,1486.7500000000002,2026-04,3,2.0,92.5,1304.69,True
2026-04-16,Pattaya_Beach,Guava,LM,RC101,189,7871.849999999999,1478.9250000000002,2026-04,3,4.0,98.5,1356.7025,True
2026-04-16,Pattaya_Central,Guava,LM,RC101,239,9954.35,1870.175,2026-04,3,2.0,116.0,1619.505,True
2026-04-24,BKK_Ladprao,PassionFruit,GB,RC101,52,2873.0,538.7199999999999,2026-04,4,2.0,43.0,830.76,True
2026-04-24,BKK_Sukhumvit,PassionFruit,GB,RC101,96,5304.0,994.5599999999998,2026-04,4,,,,False
2026-04-24,Pattaya_Beach,PassionFruit,GB,RC101,81,4475.25,839.16,2026-04,4,,,,False
2026-04-24,Pattaya_Central,PassionFruit,GB,RC101,122,6740.5,1263.92,2026-04,4,1.0,92.0,1831.7200000000003,False
2026-04-25,BKK_Ladprao,Pineapple,LM,RC101,106,4414.9,1078.55,2026-04,5,2.0,83.0,1322.9750000000001,True
2026-04-25,BKK_Sukhumvit,Pineapple,GB,RC101,182,7580.3,2306.668,2026-04,5,1.0,142.0,2698.0,False
2026-04-25,Pattaya_Beach,Pineapple,LM,RC101,230,9579.5,2340.25,2026-04,5,1.0,184.0,2912.72,False
2026-04-25,Pattaya_Central,Pineapple,LM,RC101,263,10953.95,2676.025,2026-04,5,1.0,205.0,3245.15,False
2026-05-03,BKK_Ladprao,Watermelon,LM,RC101,178,6808.5,1529.91,2026-05,6,2.0,121.0,1618.1100000000001,True
2026-05-03,BKK_Sukhumvit,Watermelon,LM,RC101,255,9753.75,2191.725,2026-05,6,1.0,204.0,2674.44,False
2026-05-03,Pattaya_Beach,Watermelon,GB,RC101,365,13961.25,3974.8500000000004,2026-05,6,2.0,266.0,4274.095,True
2026-05-03,Pattaya_Central,Watermelon,LM,RC101,374,14305.5,3214.53,2026-05,6,3.0,282.0,3760.33,True
2026-05-04,BKK_Ladprao,Watermelon,GB,RC101,167,6387.75,1872.07,2026-05,0,,,,False
2026-05-04,BKK_Sukhumvit,Watermelon,LM,RC101,318,12163.5,2834.9700000000003,2026-05,0,1.0,203.0,2661.33,False
2026-05-04,Pattaya_Beach,Watermelon,LM,RC101,289,11054.25,2576.435,2026-05,0,2.0,215.5,2888.8900000000003,True
2026-05-04,Pattaya_Central,Watermelon,GB,RC101,347,13272.75,3889.87,2026-05,0,2.0,253.0,4077.4,True
2026-05-05,BKK_Ladprao,Guava,GB,RC102,71,2783.2,609.322,2026-05,1,3.0,40.333333333333336,660.5233333333334,True
2026-05-05,BKK_Ladprao,MixedBerryPremium,LM,RC102,49,3488.8,-110.74000000000018,2026-05,1,1.0,25.0,213.74999999999994,False
2026-05-05,BKK_Ladprao,PassionFruit,LM,RC102,53,2756.0,366.76,2026-05,1,1.0,37.0,583.86,False
2026-05-05,BKK_Ladprao,Pineapple,LM,RC102,127,4978.4,1005.8399999999999,2026-05,1,2.0,76.0,1174.28,True
2026-05-05,BKK_Ladprao,Watermelon,GB,RC102,219,7884.0,2080.5,2026-05,1,2.0,111.0,1788.2,True
2026-05-05,BKK_Sukhumvit,Guava,GB,RC102,160,6272.0,1373.12,2026-05,1,1.0,83.0,1340.45,False
2026-05-05,BKK_Sukhumvit,MixedBerryPremium,LM,RC102,68,4841.6,-153.6800000000003,2026-05,1,,,,False
2026-05-05,BKK_Sukhumvit,PassionFruit,LM,RC102,111,5772.0,768.12,2026-05,1,1.0,64.0,935.6800000000003,False
2026-05-05,BKK_Sukhumvit,Pineapple,LM,RC102,196,7683.2,1552.3200000000002,2026-05,1,3.0,125.33333333333333,1942.1233333333337,True
2026-05-05,BKK_Sukhumvit,Watermelon,GB,RC102,352,12672.0,3344.0,2026-05,1,1.0,194.0,3067.1400000000003,False
2026-05-05,Pattaya_Beach,Guava,GB,RC102,147,5762.4,1261.5539999999999,2026-05,1,1.0,100.0,1713.0000000000002,False
2026-05-05,Pattaya_Beach,MixedBerryPremium,LM,RC102,67,4770.4,-151.42000000000024,2026-05,1,1.0,34.0,290.70000000000005,False
2026-05-05,Pattaya_Beach,PassionFruit,GB,RC102,108,5616.0,1084.32,2026-05,1,1.0,60.0,1111.2,False
2026-05-05,Pattaya_Beach,Pineapple,LM,RC102,249,9760.8,1972.0800000000002,2026-05,1,1.0,137.0,2182.41,False
2026-05-05,Pattaya_Beach,Watermelon,GB,RC102,379,13644.0,3600.5,2026-05,1,2.0,205.0,3307.0,True
2026-05-05,Pattaya_Central,Guava,GB,RC102,140,5488.0,1201.4799999999998,2026-05,1,1.0,103.0,1764.39,False
2026-05-05,Pattaya_Central,MixedBerryPremium,LM,RC102,80,5696.0,-180.80000000000018,2026-05,1,,,,False
2026-05-05,Pattaya_Central,PassionFruit,LM,RC102,172,8944.0,1190.24,2026-05,1,1.0,82.0,1198.8400000000004,False
2026-05-05,Pattaya_Central,Pineapple,LM,RC102,293,11485.6,2320.56,2026-05,1,2.0,161.5,2461.9900000000007,True
2026-05-05,Pattaya_Central,Watermelon,LM,RC102,453,16308.0,3325.02,2026-05,1,1.0,253.0,3435.7400000000007,False
2026-05-08,BKK_Ladprao,MixedBerryPremium,GB,RC101,25,1891.25,134.85000000000008,2026-05,4,2.0,23.5,349.2950000000001,True
2026-05-08,BKK_Sukhumvit,MixedBerryPremium,LM,RC101,54,4085.1,46.16999999999999,2026-05,4,2.0,35.5,372.5799999999999,True
2026-05-08,Pattaya_Beach,MixedBerryPremium,GB,RC101,40,3026.0,215.76000000000005,2026-05,4,2.0,41.0,657.6900000000002,True
2026-05-08,Pattaya_Central,MixedBerryPremium,LM,RC101,64,4841.6,54.72000000000001,2026-05,4,2.0,52.5,500.8749999999999,True
2026-05-19,BKK_Ladprao,MixedBerryPremium,LM,RC101,43,3252.95,41.06500000000031,2026-05,1,1.0,25.0,213.74999999999994,False
2026-05-19,BKK_Sukhumvit,MixedBerryPremium,GB,RC101,36,2723.4,197.784,2026-05,1,2.0,31.0,458.6700000000001,True
2026-05-19,Pattaya_Beach,MixedBerryPremium,GB,RC101,55,4160.75,302.16999999999996,2026-05,1,1.0,37.0,590.8900000000001,False
2026-05-19,Pattaya_Central,MixedBerryPremium,LM,RC101,64,4841.6,61.12000000000043,2026-05,1,,,,False
2026-05-28,BKK_Ladprao,Guava,LM,RC101,62,2582.3,500.03,2026-05,3,1.0,42.0,548.0999999999999,False
2026-05-28,BKK_Sukhumvit,Guava,GB,RC101,100,4165.0,1056.4,2026-05,3,2.0,78.5,1256.835,True
2026-05-28,Pattaya_Beach,Guava,LM,RC101,115,4789.75,927.475,2026-05,3,3.0,90.33333333333333,1210.1366666666665,True
2026-05-28,Pattaya_Central,Guava,GB,RC101,115,4789.75,1214.8600000000001,2026-05,3,2.0,91.5,1520.095,True
2026-06-01,BKK_Ladprao,MixedBerryPremium,GB,RC101,19,1437.35,60.68600000000009,2026-06,0,1.0,15.0,99.60000000000002,False
2026-06-01,BKK_Sukhumvit,MixedBerryPremium,LM,RC101,36,2723.4,-48.4199999999999,2026-06,0,1.0,20.0,25.999999999999943,False
2026-06-01,Pattaya_Beach,MixedBerryPremium,GB,RC101,27,2042.55,86.23800000000013,2026-06,0,2.0,27.0,217.23000000000002,True
2026-06-01,Pattaya_Central,MixedBerryPremium,GB,RC101,38,2874.7,121.37200000000021,2026-06,0,2.0,32.0,242.83999999999995,True
2026-06-05,BKK_Ladprao,Guava,GB,RC103,34,1466.08,370.3007999999999,2026-06,4,1.0,36.0,563.4,False
2026-06-05,BKK_Ladprao,MixedBerryPremium,GB,RC103,19,1488.08,99.24079999999992,2026-06,4,1.0,14.0,150.5,False
2026-06-05,BKK_Ladprao,PassionFruit,LM,RC103,32,1830.4,43.2000000000001,2026-06,4,1.0,31.0,178.25,False
2026-06-05,BKK_Ladprao,Pineapple,LM,RC103,72,3104.64,829.0079999999999,2026-06,4,1.0,60.0,902.4000000000002,False
2026-06-05,BKK_Ladprao,Watermelon,LM,RC103,103,4078.8,861.0800000000002,2026-06,4,,,,False
2026-06-05,BKK_Sukhumvit,Guava,GB,RC103,55,2371.6,599.0159999999998,2026-06,4,1.0,62.0,903.9599999999999,False
2026-06-05,BKK_Sukhumvit,MixedBerryPremium,LM,RC103,21,1644.7199999999998,11.004000000000076,2026-06,4,2.0,24.5,137.35499999999996,True
2026-06-05,BKK_Sukhumvit,PassionFruit,LM,RC103,53,3031.6,71.55000000000001,2026-06,4,,,,False
2026-06-05,BKK_Sukhumvit,Pineapple,LM,RC103,105,4527.599999999999,1208.97,2026-06,4,2.0,90.0,1382.1799999999998,True
2026-06-05,BKK_Sukhumvit,Watermelon,LM,RC103,162,6415.2,1354.32,2026-06,4,2.0,119.5,1495.935,True
2026-06-05,Pattaya_Beach,Guava,GB,RC103,75,3234.0,816.8399999999999,2026-06,4,2.0,56.5,854.8,True
2026-06-05,Pattaya_Beach,MixedBerryPremium,LM,RC103,34,2662.88,17.81600000000006,2026-06,4,1.0,23.0,132.94000000000003,False
2026-06-05,Pattaya_Beach,PassionFruit,GB,RC103,53,3031.6,253.4459999999999,2026-06,4,2.0,45.5,433.6149999999999,True
2026-06-05,Pattaya_Beach,Pineapple,GB,RC103,124,5346.88,1748.5488,2026-06,4,2.0,100.5,1855.5,True
2026-06-05,Pattaya_Beach,Watermelon,GB,RC103,152,6019.2,1631.872,2026-06,4,2.0,144.5,2200.165,True
2026-06-05,Pattaya_Central,Guava,GB,RC103,70,3018.4,762.3839999999998,2026-06,4,2.0,68.5,1035.3899999999999,True
2026-06-05,Pattaya_Central,MixedBerryPremium,LM,RC103,24,1879.6799999999998,12.576000000000022,2026-06,4,1.0,33.0,178.5299999999999,False
2026-06-05,Pattaya_Central,PassionFruit,GB,RC103,67,3832.4,320.3939999999999,2026-06,4,,,,False
2026-06-05,Pattaya_Central,Pineapple,GB,RC103,134,5778.08,1889.5608000000002,2026-06,4,1.0,137.0,2412.57,False
2026-06-05,Pattaya_Central,Watermelon,GB,RC103,182,7207.2,1953.9520000000002,2026-06,4,,,,False
2026-06-06,BKK_Ladprao,Guava,LM,RC102,67,2626.4,372.5200000000001,2026-06,5,3.0,28.666666666666668,353.37999999999994,True
2026-06-06,BKK_Ladprao,MixedBerryPremium,LM,RC102,24,1708.8,-107.03999999999982,2026-06,5,2.0,15.0,70.08999999999996,True
2026-06-06,BKK_Ladprao,PassionFruit,LM,RC102,51,2652.0,-116.79000000000009,2026-06,5,1.0,23.0,88.08999999999997,False
2026-06-06,BKK_Ladprao,Pineapple,GB,RC102,87,3410.4,967.614,2026-06,5,1.0,55.0,1043.35,False
2026-06-06,BKK_Ladprao,Watermelon,GB,RC102,180,6480.0,1440.0,2026-06,5,,,,False
2026-06-06,BKK_Sukhumvit,Guava,GB,RC102,109,4272.8,862.4079999999998,2026-06,5,,,,False
2026-06-06,BKK_Sukhumvit,MixedBerryPremium,GB,RC102,54,3844.8,-10.151999999999987,2026-06,5,2.0,28.0,286.01,True
2026-06-06,BKK_Sukhumvit,PassionFruit,GB,RC102,61,3172.0,50.62999999999977,2026-06,5,1.0,58.0,559.6999999999999,False
2026-06-06,BKK_Sukhumvit,Pineapple,LM,RC102,177,6938.4,1552.2900000000004,2026-06,5,1.0,111.0,1669.4400000000003,False
2026-06-06,BKK_Sukhumvit,Watermelon,GB,RC102,206,7416.0,1648.0,2026-06,5,3.0,134.33333333333334,2035.7666666666667,True
2026-06-06,Pattaya_Beach,Guava,LM,RC102,125,4900.0,695.0000000000001,2026-06,5,2.0,67.5,854.0250000000001,True
2026-06-06,Pattaya_Beach,MixedBerryPremium,GB,RC102,61,4343.2,-11.468000000000046,2026-06,5,2.0,32.0,350.475,True
2026-06-06,Pattaya_Beach,PassionFruit,LM,RC102,96,4992.0,-219.84000000000043,2026-06,5,2.0,59.5,268.20500000000004,True
2026-06-06,Pattaya_Beach,Pineapple,LM,RC102,230,9016.0,2017.1000000000004,2026-06,5,3.0,128.0,1951.1633333333336,True
2026-06-06,Pattaya_Beach,Watermelon,GB,RC102,283,10188.0,2264.0,2026-06,5,1.0,201.0,3010.98,False
2026-06-06,Pattaya_Central,Guava,LM,RC102,135,5292.0,750.6000000000001,2026-06,5,1.0,105.0,1320.9,False
2026-06-06,Pattaya_Central,MixedBerryPremium,GB,RC102,89,6336.8,-16.731999999999942,2026-06,5,1.0,36.0,387.0,False
2026-06-06,Pattaya_Central,PassionFruit,LM,RC102,113,5876.0,-258.7700000000003,2026-06,5,3.0,70.0,400.28666666666663,True
2026-06-06,Pattaya_Central,Pineapple,GB,RC102,237,9290.4,2635.9139999999998,2026-06,5,,,,False
2026-06-06,Pattaya_Central,Watermelon,LM,RC102,349,12564.0,2038.1600000000005,2026-06,5,2.0,214.0,2681.33,True
2026-06-09,BKK_Ladprao,MixedBerryPremium,LM,RC101,10,756.5,-39.35000000000002,2026-06,1,3.0,13.666666666666666,75.25333333333334,True
2026-06-09,BKK_Sukhumvit,MixedBerryPremium,GB,RC101,31,2345.15,18.72399999999989,2026-06,1,4.0,23.0,236.63500000000005,True
2026-06-09,Pattaya_Beach,MixedBerryPremium,GB,RC101,37,2799.05,22.347999999999885,2026-06,1,,,,False
2026-06-09,Pattaya_Central,MixedBerryPremium,LM,RC101,47,3555.55,-184.9450000000001,2026-06,1,3.0,34.666666666666664,171.75666666666666,True
2026-06-17,BKK_Ladprao,Guava,LM,RC103,36,1552.32,270.86400000000003,2026-06,2,3.0,32.666666666666664,410.71333333333337,True
2026-06-17,BKK_Ladprao,MixedBerryPremium,GB,RC103,13,1018.16,39.04159999999993,2026-06,2,1.0,17.0,226.78000000000006,False
2026-06-17,BKK_Ladprao,PassionFruit,LM,RC101,37,2044.25,-39.77500000000002,2026-06,2,3.0,29.333333333333332,185.82666666666663,True
2026-06-17,BKK_Ladprao,Pineapple,GB,RC103,68,2932.16,893.6016,2026-06,2,1.0,60.0,1114.2,False
2026-06-17,BKK_Ladprao,Watermelon,LM,RC103,110,4356.0,937.2,2026-06,2,3.0,83.0,1029.88,True
2026-06-17,BKK_Sukhumvit,Guava,LM,RC103,56,2414.72,421.34399999999994,2026-06,2,2.0,55.5,693.79,True
2026-06-17,BKK_Sukhumvit,MixedBerryPremium,LM,RC103,26,2036.32,-44.09600000000023,2026-06,2,2.0,28.5,157.11000000000007,True
2026-06-17,BKK_Sukhumvit,PassionFruit,LM,RC101,67,3701.75,-72.0249999999999,2026-06,2,2.0,44.5,243.23499999999996,True
2026-06-17,BKK_Sukhumvit,Pineapple,GB,RC103,118,5088.16,1550.6616,2026-06,2,1.0,103.0,1851.94,False
2026-06-17,BKK_Sukhumvit,Watermelon,GB,RC103,167,6613.2,1819.632,2026-06,2,1.0,150.0,2247.0,False
2026-06-17,Pattaya_Beach,Guava,LM,RC103,71,3061.52,534.2040000000001,2026-06,2,1.0,46.0,584.66,False
2026-06-17,Pattaya_Beach,MixedBerryPremium,GB,RC103,31,2427.92,93.09919999999988,2026-06,2,1.0,25.0,229.24999999999997,False
2026-06-17,Pattaya_Beach,PassionFruit,GB,RC101,69,3812.25,154.56000000000003,2026-06,2,2.0,46.5,429.4749999999999,True
2026-06-17,Pattaya_Beach,Pineapple,LM,RC103,118,5088.16,1245.372,2026-06,2,3.0,81.0,1264.13,True
2026-06-17,Pattaya_Beach,Watermelon,GB,RC103,195,7722.0,2124.7200000000003,2026-06,2,1.0,156.0,2413.3199999999997,False
2026-06-17,Pattaya_Central,Guava,GB,RC103,80,3449.6,808.896,2026-06,2,2.0,73.0,1127.04,True
2026-06-17,Pattaya_Central,MixedBerryPremium,GB,RC103,33,2584.56,99.10559999999987,2026-06,2,2.0,32.5,397.29000000000013,True
2026-06-17,Pattaya_Central,PassionFruit,GB,RC101,81,4475.25,181.44000000000008,2026-06,2,,,,False
2026-06-17,Pattaya_Central,Pineapple,LM,RC103,107,4613.84,1129.278,2026-06,2,,,,False
2026-06-17,Pattaya_Central,Watermelon,LM,RC103,221,8751.6,1882.92,2026-06,2,2.0,166.0,2067.53,True
2026-06-25,BKK_Ladprao,Guava,GB,RC103,43,1854.1599999999999,480.79159999999985,2026-06,3,2.0,34.0,508.59,True
2026-06-25,BKK_Ladprao,MixedBerryPremium,LM,RC103,20,1566.3999999999999,-72.92000000000002,2026-06,3,2.0,13.0,71.80999999999997,True
2026-06-25,BKK_Ladprao,PassionFruit,LM,RC103,33,1887.6000000000001,66.33000000000013,2026-06,3,3.0,24.666666666666668,128.06666666666666,True
2026-06-25,BKK_Ladprao,Pineapple,GB,RC103,60,2587.2,810.6720000000001,2026-06,3,,,,False
2026-06-25,BKK_Ladprao,Watermelon,LM,RC103,89,3524.4,756.4999999999999,2026-06,3,2.0,82.0,1022.885,True
2026-06-25,BKK_Sukhumvit,Guava,LM,RC103,64,2759.6800000000003,550.0160000000001,2026-06,3,2.0,55.0,667.46,True
2026-06-25,BKK_Sukhumvit,MixedBerryPremium,GB,RC103,20,1566.3999999999999,21.064000000000078,2026-06,3,1.0,21.0,280.1400000000001,False
2026-06-25,BKK_Sukhumvit,PassionFruit,LM,RC103,53,3031.6,106.53000000000009,2026-06,3,1.0,40.0,230.0,False
2026-06-25,BKK_Sukhumvit,Pineapple,LM,RC103,119,5131.28,1299.9560000000001,2026-06,3,2.0,77.5,1228.325,True
2026-06-25,BKK_Sukhumvit,Watermelon,LM,RC103,153,6058.8,1300.4999999999998,2026-06,3,2.0,132.5,1619.75,True
2026-06-25,Pattaya_Beach,Guava,GB,RC103,67,2889.04,749.1403999999999,2026-06,3,2.0,64.0,958.47,True
2026-06-25,Pattaya_Beach,MixedBerryPremium,GB,RC103,31,2427.92,32.64920000000001,2026-06,3,2.0,31.0,380.2400000000002,True
2026-06-25,Pattaya_Beach,PassionFruit,LM,RC103,52,2974.4,104.52000000000004,2026-06,3,2.0,47.5,250.46499999999992,True
2026-06-25,Pattaya_Beach,Pineapple,LM,RC103,110,4743.2,1201.64,2026-06,3,2.0,107.5,1703.8249999999998,True
2026-06-25,Pattaya_Beach,Watermelon,LM,RC103,184,7286.4,1563.9999999999998,2026-06,3,2.0,139.0,1744.95,True
2026-06-25,Pattaya_Central,Guava,LM,RC103,82,3535.84,704.708,2026-06,3,1.0,74.0,919.0799999999999,False
2026-06-25,Pattaya_Central,MixedBerryPremium,GB,RC103,38,2976.16,40.02159999999998,2026-06,3,2.0,36.0,394.0300000000001,True
2026-06-25,Pattaya_Central,PassionFruit,LM,RC103,68,3889.6,136.68000000000004,2026-06,3,3.0,48.0,259.74666666666667,True
2026-06-25,Pattaya_Central,Pineapple,LM,RC103,116,5001.92,1267.184,2026-06,3,1.0,112.0,1750.56,False
2026-06-25,Pattaya_Central,Watermelon,GB,RC103,204,8078.4,2218.7039999999997,2026-06,3,2.0,175.0,2667.065,True
2026-06-26,BKK_Ladprao,MixedBerryPremium,LM,RC101,24,1815.6,-132.36,2026-06,4,1.0,20.0,115.60000000000002,False
2026-06-26,BKK_Sukhumvit,MixedBerryPremium,LM,RC101,33,2496.4500000000003,-181.99499999999978,2026-06,4,2.0,24.5,137.35499999999996,True
2026-06-26,Pattaya_Beach,MixedBerryPremium,LM,RC101,27,2042.55,-148.90499999999992,2026-06,4,1.0,23.0,132.94000000000003,False
2026-06-26,Pattaya_Central,MixedBerryPremium,LM,RC101,30,2269.5,-165.44999999999976,2026-06,4,1.0,33.0,178.5299999999999,False
2026-07-01,BKK_Ladprao,Guava,LM,RC103,27,1164.24,239.59799999999993,2026-07,2,3.0,31.0,390.2,True
2026-07-01,BKK_Ladprao,MixedBerryPremium,LM,RC103,10,783.1999999999999,-61.760000000000005,2026-07,2,3.0,15.333333333333334,49.5733333333334,True
2026-07-01,BKK_Ladprao,PassionFruit,GB,RC103,29,1658.8,154.33800000000008,2026-07,2,4.0,22.5,214.3875,True
2026-07-01,BKK_Ladprao,Pineapple,GB,RC103,75,3234.0,980.34,2026-07,2,3.0,55.333333333333336,892.9566666666666,True
2026-07-01,BKK_Ladprao,Watermelon,GB,RC103,88,3484.8,993.1680000000001,2026-07,2,,,,False
2026-07-01,BKK_Sukhumvit,Guava,GB,RC103,56,2414.72,641.8272,2026-07,2,,,,False
2026-07-01,BKK_Sukhumvit,MixedBerryPremium,GB,RC103,29,2271.28,-42.82719999999992,2026-07,2,2.0,19.0,165.83000000000004,True
2026-07-01,BKK_Sukhumvit,PassionFruit,GB,RC103,42,2402.4,223.52400000000011,2026-07,2,1.0,40.0,360.4,False
2026-07-01,BKK_Sukhumvit,Pineapple,LM,RC103,112,4829.4400000000005,1174.2080000000003,2026-07,2,2.0,93.5,1245.08,True
2026-07-01,BKK_Sukhumvit,Watermelon,LM,RC103,154,6098.4,1372.1400000000003,2026-07,2,3.0,123.66666666666667,1571.11,True
2026-07-01,Pattaya_Beach,Guava,LM,RC103,50,2156.0,443.6999999999998,2026-07,2,2.0,54.5,644.3649999999999,True
2026-07-01,Pattaya_Beach,MixedBerryPremium,LM,RC103,24,1879.6799999999998,-148.224,2026-07,2,3.0,25.0,87.14333333333344,True
2026-07-01,Pattaya_Beach,PassionFruit,LM,RC103,44,2516.8,83.16000000000004,2026-07,2,3.0,48.333333333333336,244.27,True
2026-07-01,Pattaya_Beach,Pineapple,LM,RC103,107,4613.84,1121.7880000000002,2026-07,2,3.0,96.33333333333333,1275.4466666666667,True
2026-07-01,Pattaya_Beach,Watermelon,LM,RC103,148,5860.8,1318.6800000000003,2026-07,2,,,,False
2026-07-01,Pattaya_Central,Guava,LM,RC103,88,3794.56,780.9119999999997,2026-07,2,3.0,73.33333333333333,927.0799999999999,True
2026-07-01,Pattaya_Central,MixedBerryPremium,LM,RC103,32,2506.24,-197.63200000000003,2026-07,2,2.0,28.5,133.7400000000001,True
2026-07-01,Pattaya_Central,PassionFruit,LM,RC103,72,4118.4,136.08,2026-07,2,3.0,56.666666666666664,343.2466666666666,True
2026-07-01,Pattaya_Central,Pineapple,LM,RC103,106,4570.72,1111.3040000000003,2026-07,2,2.0,118.0,1567.175,True
2026-07-01,Pattaya_Central,Watermelon,GB,RC103,187,7405.2,2110.4820000000004,2026-07,2,2.0,176.0,2712.8450000000003,True
2026-07-02,BKK_Ladprao,Watermelon,LM,RC101,91,3480.75,724.815,2026-07,3,2.0,81.5,1046.08,True
2026-07-02,BKK_Sukhumvit,Watermelon,LM,RC101,159,6081.75,1266.4350000000002,2026-07,3,2.0,131.0,1655.33,True
2026-07-02,Pattaya_Beach,Watermelon,LM,RC101,176,6732.0,1401.8400000000001,2026-07,3,1.0,126.0,1624.1399999999999,False
2026-07-02,Pattaya_Central,Watermelon,LM,RC101,198,7573.5,1577.0700000000002,2026-07,3,2.0,165.0,2084.34,True
2026-07-07,BKK_Ladprao,Guava,GB,RC102,69,2704.8,533.5079999999999,2026-07,1,1.0,32.0,516.8,False
2026-07-07,BKK_Ladprao,MixedBerryPremium,LM,RC102,24,1708.8,-240.71999999999974,2026-07,1,3.0,8.333333333333334,31.236666666666675,True
2026-07-07,BKK_Ladprao,PassionFruit,GB,RC102,35,1820.0,-58.45000000000002,2026-07,1,1.0,24.0,216.23999999999998,False
2026-07-07,BKK_Ladprao,Pineapple,LM,RC102,69,2704.8,488.5200000000002,2026-07,1,1.0,32.0,442.88000000000005,False
2026-07-07,BKK_Ladprao,Watermelon,LM,RC102,137,4932.0,887.7600000000001,2026-07,1,2.0,72.0,919.9200000000001,True
2026-07-07,BKK_Sukhumvit,Guava,LM,RC102,106,4155.2,570.28,2026-07,1,2.0,57.5,731.6750000000001,True
2026-07-07,BKK_Sukhumvit,MixedBerryPremium,GB,RC102,32,2278.4,-184.2559999999998,2026-07,1,3.0,23.333333333333332,218.99000000000004,True
2026-07-07,BKK_Sukhumvit,PassionFruit,LM,RC102,88,4576.0,-421.5200000000002,2026-07,1,2.0,45.0,246.99000000000004,True
2026-07-07,BKK_Sukhumvit,Pineapple,GB,RC102,178,6977.6,1678.896,2026-07,1,,,,False
2026-07-07,BKK_Sukhumvit,Watermelon,GB,RC102,185,6660.0,1598.4,2026-07,1,1.0,135.0,2104.65,False
2026-07-07,Pattaya_Beach,Guava,GB,RC102,105,4116.0,811.8599999999999,2026-07,1,2.0,54.0,828.6000000000001,True
2026-07-07,Pattaya_Beach,MixedBerryPremium,LM,RC102,51,3631.2,-511.52999999999975,2026-07,1,1.0,20.0,106.40000000000013,False
2026-07-07,Pattaya_Beach,PassionFruit,GB,RC102,92,4784.0,-153.6400000000002,2026-07,1,,,,False
2026-07-07,Pattaya_Beach,Pineapple,LM,RC102,169,6624.799999999999,1196.5200000000002,2026-07,1,2.0,93.5,1248.47,True
2026-07-07,Pattaya_Beach,Watermelon,LM,RC102,204,7344.0,1321.92,2026-07,1,2.0,137.5,1728.0949999999998,True
2026-07-07,Pattaya_Central,Guava,LM,RC102,123,4821.6,661.7399999999999,2026-07,1,2.0,72.5,882.905,True
2026-07-07,Pattaya_Central,MixedBerryPremium,GB,RC102,59,4200.8,-339.72199999999987,2026-07,1,1.0,28.0,256.76,False
2026-07-07,Pattaya_Central,PassionFruit,LM,RC102,110,5720.0,-526.9000000000003,2026-07,1,2.0,58.5,319.88,True
2026-07-07,Pattaya_Central,Pineapple,LM,RC102,176,6899.2,1246.0800000000004,2026-07,1,2.0,111.0,1481.835,True
2026-07-07,Pattaya_Central,Watermelon,GB,RC102,265,9540.0,2289.6000000000004,2026-07,1,2.0,181.0,2763.71,True
2026-07-14,BKK_Ladprao,Pineapple,LM,RC101,75,3123.75,570.3749999999998,2026-07,1,1.0,32.0,442.88000000000005,False
2026-07-14,BKK_Sukhumvit,Pineapple,LM,RC101,117,4873.05,889.785,2026-07,1,2.0,92.5,1232.305,True
2026-07-14,Pattaya_Beach,Pineapple,GB,RC101,127,5289.55,1283.208,2026-07,1,,,,False
2026-07-14,Pattaya_Central,Pineapple,LM,RC101,128,5331.2,973.4399999999999,2026-07,1,2.0,111.0,1481.835,True
2026-07-19,BKK_Ladprao,MixedBerryPremium,LM,RC101,22,1664.3000000000002,-121.32999999999981,2026-07,6,2.0,9.5,15.739999999999995,True
2026-07-19,BKK_Sukhumvit,MixedBerryPremium,GB,RC101,20,1513.0,-19.519999999999982,2026-07,6,,,,False
2026-07-19,Pattaya_Beach,MixedBerryPremium,GB,RC101,48,3631.2000000000003,-46.847999999999956,2026-07,6,1.0,27.0,287.81999999999994,False
2026-07-19,Pattaya_Central,MixedBerryPremium,LM,RC101,46,3479.9,-253.69,2026-07,6,2.0,37.5,123.12000000000005,True
2026-07-24,BKK_Ladprao,PassionFruit,GB,RC101,32,1768.0,51.200000000000074,2026-07,4,3.0,26.666666666666668,282.93,True
2026-07-24,BKK_Sukhumvit,PassionFruit,GB,RC101,53,2928.25,84.8000000000001,2026-07,4,1.0,45.0,437.4000000000001,False
2026-07-24,Pattaya_Beach,PassionFruit,LM,RC101,57,3149.25,-97.75500000000014,2026-07,4,3.0,45.333333333333336,268.1933333333334,True
2026-07-24,Pattaya_Central,PassionFruit,GB,RC101,80,4420.0,128.0000000000001,2026-07,4,1.0,52.0,505.44000000000017,False
2026-07-25,BKK_Ladprao,Guava,LM,RC103,36,1552.32,327.384,2026-07,5,1.0,42.0,514.0799999999998,False
2026-07-25,BKK_Ladprao,MixedBerryPremium,LM,RC103,7,548.24,-15.092000000000041,2026-07,5,1.0,13.0,49.78999999999998,False
2026-07-25,BKK_Ladprao,PassionFruit,LM,RC103,29,1658.8000000000002,-10.149999999999892,2026-07,5,2.0,24.5,121.45000000000005,True
2026-07-25,BKK_Ladprao,Pineapple,GB,RC103,58,2500.96,714.0495999999999,2026-07,5,2.0,45.0,749.5249999999999,True
2026-07-25,BKK_Ladprao,Watermelon,LM,RC103,84,3326.4,765.24,2026-07,5,1.0,63.0,799.4699999999999,False
2026-07-25,BKK_Sukhumvit,Guava,LM,RC103,48,2069.76,436.5120000000001,2026-07,5,2.0,52.0,617.2299999999999,True
2026-07-25,BKK_Sukhumvit,MixedBerryPremium,LM,RC103,16,1253.12,-34.496000000000095,2026-07,5,,,,False
2026-07-25,BKK_Sukhumvit,PassionFruit,GB,RC103,50,2860.0,154.09999999999997,2026-07,5,,,,False
2026-07-25,BKK_Sukhumvit,Pineapple,LM,RC103,100,4312.0,972.3999999999999,2026-07,5,1.0,84.0,1226.4000000000003,False
2026-07-25,BKK_Sukhumvit,Watermelon,GB,RC103,142,5623.2,1631.012,2026-07,5,1.0,109.0,1677.51,False
2026-07-25,Pattaya_Beach,Guava,GB,RC103,85,3665.2,992.9019999999998,2026-07,5,2.0,71.5,1059.5749999999998,True
2026-07-25,Pattaya_Beach,MixedBerryPremium,GB,RC103,21,1644.72,53.40720000000002,2026-07,5,1.0,29.0,265.92999999999995,False
2026-07-25,Pattaya_Beach,PassionFruit,LM,RC103,68,3889.6,-23.799999999999898,2026-07,5,1.0,52.0,302.6400000000001,False
2026-07-25,Pattaya_Beach,Pineapple,GB,RC103,126,5433.12,1551.2112,2026-07,5,1.0,93.0,1631.22,False
2026-07-25,Pattaya_Beach,Watermelon,LM,RC103,182,7207.2,1658.0199999999998,2026-07,5,1.0,192.0,2436.48,False
2026-07-25,Pattaya_Central,Guava,LM,RC103,95,4096.4,863.9300000000001,2026-07,5,2.0,88.0,1105.245,True
2026-07-25,Pattaya_Central,MixedBerryPremium,LM,RC103,32,2506.24,-68.99200000000005,2026-07,5,2.0,34.5,65.19000000000004,True
2026-07-25,Pattaya_Central,PassionFruit,GB,RC103,63,3603.6,194.16600000000008,2026-07,5,2.0,60.5,577.2649999999999,True
2026-07-25,Pattaya_Central,Pineapple,GB,RC103,148,6381.76,1822.0575999999996,2026-07,5,2.0,134.5,2190.63,True
2026-07-25,Pattaya_Central,Watermelon,GB,RC103,215,8514.0,2469.49,2026-07,5,2.0,200.5,3081.655,True
2026-07-28,BKK_Ladprao,PassionFruit,LM,RC101,35,1933.75,7.5250000000000625,2026-07,1,1.0,19.0,110.58000000000003,False
2026-07-28,BKK_Sukhumvit,PassionFruit,LM,RC101,54,2983.5,11.610000000000099,2026-07,1,2.0,45.0,246.99000000000004,True
2026-07-28,Pattaya_Beach,PassionFruit,LM,RC101,50,2762.5,10.750000000000199,2026-07,1,2.0,42.5,232.44,True
2026-07-28,Pattaya_Central,PassionFruit,LM,RC101,66,3646.5,14.19000000000014,2026-07,1,2.0,58.5,319.88,True
2026-08-08,BKK_Ladprao,Guava,GB,RC102,56,2195.2,487.3120000000001,2026-08,5,1.0,25.0,380.5,False
2026-08-08,BKK_Ladprao,MixedBerryPremium,LM,RC102,18,1281.6000000000001,-226.07999999999979,2026-08,5,2.0,13.0,-75.70999999999995,True
2026-08-08,BKK_Ladprao,PassionFruit,GB,RC102,44,2288.0,60.280000000000115,2026-08,5,2.0,26.5,227.44,True
2026-08-08,BKK_Ladprao,Pineapple,GB,RC102,89,3488.8,739.768,2026-08,5,3.0,54.0,882.3333333333334,True
2026-08-08,BKK_Ladprao,Watermelon,LM,RC102,140,5040.0,844.2,2026-08,5,3.0,80.66666666666667,1021.3366666666667,True
2026-08-08,BKK_Sukhumvit,Guava,LM,RC102,94,3684.8,596.9000000000002,2026-08,5,2.0,57.0,733.8850000000002,True
2026-08-08,BKK_Sukhumvit,MixedBerryPremium,GB,RC102,52,3702.4,-430.9759999999999,2026-08,5,4.0,22.5,52.63500000000005,True
2026-08-08,BKK_Sukhumvit,PassionFruit,GB,RC102,69,3588.0,94.53000000000026,2026-08,5,1.0,39.0,353.7300000000001,False
2026-08-08,BKK_Sukhumvit,Pineapple,LM,RC102,142,5566.4,846.3199999999999,2026-08,5,4.0,91.0,1206.54,True
2026-08-08,BKK_Sukhumvit,Watermelon,GB,RC102,230,8280.0,1883.7000000000003,2026-08,5,2.0,140.0,2133.08,True
2026-08-08,Pattaya_Beach,Guava,GB,RC102,145,5684.0,1261.79,2026-08,5,2.0,59.5,954.5750000000002,True
2026-08-08,Pattaya_Beach,MixedBerryPremium,LM,RC102,65,4628.0,-816.3999999999996,2026-08,5,2.0,25.0,-0.7250000000000085,True
2026-08-08,Pattaya_Beach,PassionFruit,GB,RC102,110,5720.0,150.70000000000027,2026-08,5,3.0,51.0,506.27666666666664,True
2026-08-08,Pattaya_Beach,Pineapple,GB,RC102,177,6938.4,1471.2240000000006,2026-08,5,1.0,92.0,1415.88,False
2026-08-08,Pattaya_Beach,Watermelon,LM,RC102,333,11988.0,2007.99,2026-08,5,2.0,172.0,2155.66,True
2026-08-08,Pattaya_Central,Guava,GB,RC102,148,5801.6,1287.8960000000004,2026-08,5,1.0,79.0,1217.39,False
2026-08-08,Pattaya_Central,MixedBerryPremium,LM,RC102,49,3488.8,-615.4399999999997,2026-08,5,3.0,28.333333333333332,-69.16666666666669,True
2026-08-08,Pattaya_Central,PassionFruit,LM,RC102,131,6812.0,-229.24999999999972,2026-08,5,3.0,64.66666666666667,315.06666666666666,True
2026-08-08,Pattaya_Central,Pineapple,GB,RC102,204,7996.8,1695.6480000000001,2026-08,5,3.0,130.0,2088.016666666667,True
2026-08-08,Pattaya_Central,Watermelon,LM,RC102,344,12384.0,2074.32,2026-08,5,1.0,188.0,2410.16,False
2026-08-10,BKK_Ladprao,Guava,LM,RC103,42,1811.04,350.86800000000005,2026-08,0,2.0,31.0,402.61,True
2026-08-10,BKK_Ladprao,MixedBerryPremium,LM,RC103,15,1174.8,-166.44000000000005,2026-08,0,2.0,10.5,-25.289999999999957,True
2026-08-10,BKK_Ladprao,PassionFruit,LM,RC103,38,2173.6,-11.019999999999897,2026-08,0,1.0,22.0,102.74000000000002,False
2026-08-10,BKK_Ladprao,Pineapple,GB,RC103,57,2457.84,693.7584000000002,2026-08,0,2.0,48.0,746.8599999999999,True
2026-08-10,BKK_Ladprao,Watermelon,LM,RC103,94,3722.4,827.1999999999998,2026-08,0,1.0,82.0,996.3000000000001,False
2026-08-10,BKK_Sukhumvit,Guava,GB,RC103,64,2759.68,700.2368,2026-08,0,2.0,61.5,1000.0450000000001,True
2026-08-10,BKK_Sukhumvit,MixedBerryPremium,GB,RC103,22,1723.04,-140.72960000000018,2026-08,0,2.0,16.5,54.140000000000114,True
2026-08-10,BKK_Sukhumvit,PassionFruit,LM,RC103,57,3260.4,-16.529999999999802,2026-08,0,3.0,44.333333333333336,242.7066666666667,True
2026-08-10,BKK_Sukhumvit,Pineapple,GB,RC103,96,4139.5199999999995,1168.4352000000001,2026-08,0,2.0,91.5,1493.9850000000001,True
2026-08-10,BKK_Sukhumvit,Watermelon,LM,RC103,171,6771.6,1504.7999999999997,2026-08,0,3.0,128.0,1589.8433333333335,True
2026-08-10,Pattaya_Beach,Guava,GB,RC103,80,3449.6,875.2959999999999,2026-08,0,,,,False
2026-08-10,Pattaya_Beach,MixedBerryPremium,LM,RC103,16,1253.12,-177.536,2026-08,0,1.0,22.0,-2.1999999999998465,False
2026-08-10,Pattaya_Beach,PassionFruit,LM,RC103,62,3546.4,-17.97999999999982,2026-08,0,4.0,46.25,251.30000000000004,True
2026-08-10,Pattaya_Beach,Pineapple,GB,RC103,112,4829.44,1363.1744,2026-08,0,2.0,88.0,1436.6200000000001,True
2026-08-10,Pattaya_Beach,Watermelon,GB,RC103,158,6256.8,1765.8080000000002,2026-08,0,,,,False
2026-08-10,Pattaya_Central,Guava,LM,RC103,76,3277.12,634.9040000000001,2026-08,0,2.0,60.5,806.1350000000002,True
2026-08-10,Pattaya_Central,MixedBerryPremium,GB,RC103,26,2036.32,-166.31680000000017,2026-08,0,3.0,24.0,37.99000000000014,True
2026-08-10,Pattaya_Central,PassionFruit,GB,RC103,51,2917.2,160.2420000000001,2026-08,0,2.0,58.5,508.44000000000005,True
2026-08-10,Pattaya_Central,Pineapple,LM,RC103,132,5691.84,1265.0879999999997,2026-08,0,1.0,100.0,1269.0,False
2026-08-10,Pattaya_Central,Watermelon,GB,RC103,195,7722.0,2179.32,2026-08,0,3.0,168.66666666666666,2543.106666666667,True
2026-08-23,BKK_Ladprao,Guava,GB,RC103,27,1164.24,321.33240000000006,2026-08,6,2.0,28.5,449.545,True
2026-08-23,BKK_Ladprao,MixedBerryPremium,GB,RC103,17,1331.44,-136.79559999999992,2026-08,6,1.0,18.0,94.32000000000016,False
2026-08-23,BKK_Ladprao,PassionFruit,LM,RC103,25,1430.0,3.5000000000000284,2026-08,6,,,,False
2026-08-23,BKK_Ladprao,Pineapple,LM,RC103,47,2026.64,391.6979999999999,2026-08,6,2.0,42.0,553.84,True
2026-08-23,BKK_Ladprao,Watermelon,GB,RC103,86,3405.6,968.8760000000002,2026-08,6,2.0,77.0,1166.435,True
2026-08-23,BKK_Sukhumvit,Guava,GB,RC103,63,2716.56,749.7756000000002,2026-08,6,2.0,55.5,876.715,True
2026-08-23,BKK_Sukhumvit,MixedBerryPremium,LM,RC103,19,1488.08,-242.17399999999992,2026-08,6,1.0,12.0,-1.1999999999999318,False
2026-08-23,BKK_Sukhumvit,PassionFruit,LM,RC103,35,2002.0,4.900000000000034,2026-08,6,2.0,42.5,268.7750000000001,True
2026-08-23,BKK_Sukhumvit,Pineapple,GB,RC103,105,4527.6,1146.726,2026-08,6,2.0,79.0,1284.935,True
2026-08-23,BKK_Sukhumvit,Watermelon,GB,RC103,156,6177.6,1757.4960000000003,2026-08,6,3.0,123.66666666666667,1875.6033333333332,True
2026-08-23,Pattaya_Beach,Guava,LM,RC103,82,3535.8399999999997,763.7480000000002,2026-08,6,1.0,77.0,960.19,False
2026-08-23,Pattaya_Beach,MixedBerryPremium,LM,RC103,24,1879.6799999999998,-305.9039999999999,2026-08,6,1.0,35.0,-3.499999999999659,False
2026-08-23,Pattaya_Beach,PassionFruit,GB,RC103,62,3546.4,221.46400000000017,2026-08,6,1.0,51.0,462.5700000000001,False
2026-08-23,Pattaya_Beach,Pineapple,LM,RC103,118,5088.16,983.4120000000001,2026-08,6,2.0,100.5,1331.0300000000002,True
2026-08-23,Pattaya_Beach,Watermelon,LM,RC103,220,8712.0,1955.8,2026-08,6,2.0,169.0,2105.2700000000004,True
2026-08-23,Pattaya_Central,Guava,GB,RC103,110,4743.2,1309.1320000000003,2026-08,6,,,,False
2026-08-23,Pattaya_Central,MixedBerryPremium,LM,RC103,34,2662.88,-433.3639999999998,2026-08,6,1.0,24.0,-86.88000000000011,False
2026-08-23,Pattaya_Central,PassionFruit,LM,RC103,83,4747.6,11.62000000000016,2026-08,6,2.0,67.0,405.29499999999996,True
2026-08-23,Pattaya_Central,Pineapple,LM,RC103,153,6597.36,1275.102,2026-08,6,1.0,120.0,1549.1999999999998,False
2026-08-23,Pattaya_Central,Watermelon,GB,RC103,213,8434.8,2399.658,2026-08,6,1.0,213.0,3235.47,False
2026-08-30,BKK_Ladprao,Guava,LM,RC103,53,2285.36,450.7120000000001,2026-08,6,1.0,30.0,368.40000000000003,False
2026-08-30,BKK_Ladprao,MixedBerryPremium,GB,RC103,12,939.8399999999999,-113.84159999999986,2026-08,6,1.0,18.0,94.32000000000016,False
2026-08-30,BKK_Ladprao,PassionFruit,LM,RC103,26,1487.2,-39.519999999999925,2026-08,6,,,,False
2026-08-30,BKK_Ladprao,Pineapple,GB,RC103,68,2932.16,849.4016000000001,2026-08,6,1.0,48.0,760.8000000000001,False
2026-08-30,BKK_Ladprao,Watermelon,LM,RC103,97,3841.2,876.8799999999999,2026-08,6,1.0,90.0,1124.1000000000001,False
2026-08-30,BKK_Sukhumvit,Guava,LM,RC103,52,2242.24,442.2080000000001,2026-08,6,1.0,54.0,663.1200000000001,False
2026-08-30,BKK_Sukhumvit,MixedBerryPremium,LM,RC103,20,1566.3999999999999,-283.7199999999999,2026-08,6,1.0,12.0,-1.1999999999999318,False
2026-08-30,BKK_Sukhumvit,PassionFruit,LM,RC103,45,2574.0,-68.39999999999986,2026-08,6,2.0,42.5,268.7750000000001,True
2026-08-30,BKK_Sukhumvit,Pineapple,LM,RC103,106,4570.72,1049.824,2026-08,6,1.0,88.0,1128.16,False
2026-08-30,BKK_Sukhumvit,Watermelon,LM,RC103,142,5623.2,1283.6799999999998,2026-08,6,,,,False
2026-08-30,Pattaya_Beach,Guava,GB,RC103,67,2889.04,743.1104000000001,2026-08,6,2.0,68.0,1063.325,True
2026-08-30,Pattaya_Beach,MixedBerryPremium,GB,RC103,32,2506.24,-303.57759999999973,2026-08,6,2.0,29.5,147.16500000000002,True
2026-08-30,Pattaya_Beach,PassionFruit,GB,RC103,74,4232.8,141.4880000000001,2026-08,6,1.0,51.0,462.5700000000001,False
2026-08-30,Pattaya_Beach,Pineapple,LM,RC103,132,5691.84,1307.328,2026-08,6,2.0,100.5,1331.0300000000002,True
2026-08-30,Pattaya_Beach,Watermelon,LM,RC103,191,7563.6,1726.6399999999999,2026-08,6,2.0,169.0,2105.2700000000004,True
2026-08-30,Pattaya_Central,Guava,LM,RC103,101,4355.12,858.904,2026-08,6,3.0,77.0,975.5666666666666,True
2026-08-30,Pattaya_Central,MixedBerryPremium,LM,RC103,31,2427.92,-439.76599999999985,2026-08,6,1.0,24.0,-86.88000000000011,False
2026-08-30,Pattaya_Central,PassionFruit,LM,RC103,81,4633.2,-123.11999999999968,2026-08,6,2.0,67.0,405.29499999999996,True
2026-08-30,Pattaya_Central,Pineapple,LM,RC103,139,5993.679999999999,1376.656,2026-08,6,1.0,120.0,1549.1999999999998,False
2026-08-30,Pattaya_Central,Watermelon,LM,RC103,233,9226.8,2106.32,2026-08,6,2.0,204.0,2540.195,True
