base_code,sku,promo_days_groups,matched_groups,match_coverage,units_lift,contribution_lift,contribution_difference_thb,mean_contribution_difference_thb
RC101,Guava,24,17,0.7083333333333334,0.5023072293185316,-0.07394759033606468,-1371.921666666665,-80.70127450980382
RC101,MixedBerryPremium,32,17,0.53125,0.3013075611142695,-0.769076978028404,-4866.150000000001,-286.24411764705883
RC101,PassionFruit,28,14,0.5,0.25031766200762395,-0.5277113805273106,-3799.4849999999997,-271.3917857142857
RC101,Pineapple,12,5,0.4166666666666667,0.3191990577149588,-0.16341628228577987,-1014.4940000000004,-202.89880000000008
RC101,Watermelon,32,13,0.40625,0.3544801007930036,-0.11362791470084066,-3513.4950000000003,-270.2688461538462
RC102,Guava,48,31,0.6458333333333334,0.7542361574382921,-0.10435126316750065,-2821.5404999999987,-91.01743548387093
RC102,MixedBerryPremium,24,13,0.5416666666666666,1.0190023752969122,-1.2557359452983274,-5428.347666666663,-417.56520512820487
RC102,PassionFruit,48,23,0.4791666666666667,0.7810383747178327,-0.3883541404919374,-6950.459166666668,-302.1938768115943
RC102,Pineapple,48,24,0.5,0.6713197969543148,-0.14952970608815985,-5715.910333333331,-238.16293055555548
RC102,Watermelon,48,26,0.5416666666666666,0.75811924381968,-0.05354411992098762,-3073.2249999999967,-118.20096153846141
RC103,Guava,52,32,0.6153846153846154,0.09986091794158547,-0.21376570020017616,-5377.886133333333,-168.05894166666667
RC103,MixedBerryPremium,32,15,0.46875,0.06153846153846132,-1.546188122693215,-3484.051466666668,-232.27009777777786
RC103,PassionFruit,48,27,0.5625,0.10734463276836159,-0.49472377270588797,-5849.376833333331,-216.643586419753
RC103,Pineapple,52,28,0.5384615384615384,0.1704243103206835,-0.1385546014738097,-4979.992066666668,-177.85685952380956
RC103,Watermelon,52,29,0.5576923076923077,0.17322210636079238,-0.17014708248018484,-9138.52266666667,-315.1214712643679
