scenario,month,units_sold,revenue,gp,waste_cost,units_wasted,overhead,operating_profit,base_operating_profit,change_from_base,assumptions_json
Base,2026-09,42219.75,2133909.25834837,398153.56394378823,77728.74313155169,2580.1936034899995,670000.0,-271846.43605621177,-271846.43605687,6.582122296094894e-07,"{""plan"": ""custom"", ""fruit_cost_pct"": 0.0, ""waste_reduction_pct"": 0.0, ""overhead_reduction_pct"": 0.0, ""sku"": ""All"", ""price_pct"": 0.0, ""volume_pct"": 0.0}"
Base,2026-10,43938.5,2220817.4723505294,414249.6490287649,80975.74111366515,2686.25039199,670000.0,-255750.35097123508,-255750.35097109,-1.450825948268175e-07,"{""plan"": ""custom"", ""fruit_cost_pct"": 0.0, ""waste_reduction_pct"": 0.0, ""overhead_reduction_pct"": 0.0, ""sku"": ""All"", ""price_pct"": 0.0, ""volume_pct"": 0.0}"
Base,2026-11,42512.5,2148507.06141217,400954.64724957955,78260.2296885004,2597.19482204,670000.0,-269045.35275042045,-269045.35275075,3.2957177609205246e-07,"{""plan"": ""custom"", ""fruit_cost_pct"": 0.0, ""waste_reduction_pct"": 0.0, ""overhead_reduction_pct"": 0.0, ""sku"": ""All"", ""price_pct"": 0.0, ""volume_pct"": 0.0}"
Downside,2026-09,35886.7875,1813822.8695961144,282634.653654193,71254.76312234596,2193.1645629664995,670000.0,-387365.346345807,-271846.43605687,-115518.91028893704,"{""plan"": ""custom"", ""fruit_cost_pct"": 10.0, ""waste_reduction_pct"": 0.0, ""overhead_reduction_pct"": 0.0, ""sku"": ""All"", ""price_pct"": 0.0, ""volume_pct"": -15.0}"
Downside,2026-10,37347.725,1887694.8514979503,294035.50296878093,74231.95860228453,2283.3128331915,670000.0,-375964.49703121907,-255750.35097109,-120214.14606012907,"{""plan"": ""custom"", ""fruit_cost_pct"": 10.0, ""waste_reduction_pct"": 0.0, ""overhead_reduction_pct"": 0.0, ""sku"": ""All"", ""price_pct"": 0.0, ""volume_pct"": -15.0}"
Downside,2026-11,36135.62500000001,1826231.0022003446,284643.9241884817,71742.20522763628,2207.615598734,670000.0,-385356.0758115183,-269045.35275075,-116310.72306076827,"{""plan"": ""custom"", ""fruit_cost_pct"": 10.0, ""waste_reduction_pct"": 0.0, ""overhead_reduction_pct"": 0.0, ""sku"": ""All"", ""price_pct"": 0.0, ""volume_pct"": -15.0}"
Waste reduction only,2026-09,42219.75,2133909.25834837,417585.74972667615,58296.55734866378,1935.1452026175002,670000.0,-252414.25027332385,-271846.43605687,19432.185783546127,"{""plan"": ""custom"", ""fruit_cost_pct"": 0.0, ""waste_reduction_pct"": 25.0, ""overhead_reduction_pct"": 0.0, ""sku"": ""All"", ""price_pct"": 0.0, ""volume_pct"": 0.0}"
Waste reduction only,2026-10,43938.5,2220817.4723505294,434493.5843071812,60731.80583524885,2014.6877939924996,670000.0,-235506.41569281882,-255750.35097109,20243.93527827118,"{""plan"": ""custom"", ""fruit_cost_pct"": 0.0, ""waste_reduction_pct"": 25.0, ""overhead_reduction_pct"": 0.0, ""sku"": ""All"", ""price_pct"": 0.0, ""volume_pct"": 0.0}"
Waste reduction only,2026-11,42512.5,2148507.06141217,420519.7046717047,58695.1722663753,1947.8961165299997,670000.0,-249480.29532829532,-269045.35275075,19565.0574224547,"{""plan"": ""custom"", ""fruit_cost_pct"": 0.0, ""waste_reduction_pct"": 25.0, ""overhead_reduction_pct"": 0.0, ""sku"": ""All"", ""price_pct"": 0.0, ""volume_pct"": 0.0}"
Targeted experimental plan,2026-09,39342.375,2227526.562755717,593167.1792814948,49064.47169291038,1724.9482102897496,569500.0,23667.179281494813,-271846.43605687,295513.6153383648,"{""plan"": ""targeted"", ""fruit_cost_pct"": 0, ""waste_reduction_pct"": 25.0, ""overhead_reduction_pct"": 15.0, ""menu_assumptions"": {""Watermelon"": {""price_pct"": 10, ""volume_pct"": -5}, ""Pineapple"": {""price_pct"": 10, ""volume_pct"": -5}, ""Guava"": {""price_pct"": 10, ""volume_pct"": -5}, ""PassionFruit"": {""price_pct"": 15, ""volume_pct"": -10}, ""MixedBerryPremium"": {""price_pct"": 40, ""volume_pct"": -25}}}"
Targeted experimental plan,2026-10,40943.35,2318256.5925046243,617310.3252605047,51103.69044932193,1795.6336156421248,569500.0,47810.32526050473,-255750.35097109,303560.67623159476,"{""plan"": ""targeted"", ""fruit_cost_pct"": 0, ""waste_reduction_pct"": 25.0, ""overhead_reduction_pct"": 15.0, ""menu_assumptions"": {""Watermelon"": {""price_pct"": 10, ""volume_pct"": -5}, ""Pineapple"": {""price_pct"": 10, ""volume_pct"": -5}, ""Guava"": {""price_pct"": 10, ""volume_pct"": -5}, ""PassionFruit"": {""price_pct"": 15, ""volume_pct"": -10}, ""MixedBerryPremium"": {""price_pct"": 40, ""volume_pct"": -25}}}"
Targeted experimental plan,2026-11,39615.55,2242768.4981023865,597292.2823062184,49395.49359941073,1736.2249954871254,569500.0,27792.282306218403,-269045.35275075,296837.63505696843,"{""plan"": ""targeted"", ""fruit_cost_pct"": 0, ""waste_reduction_pct"": 25.0, ""overhead_reduction_pct"": 15.0, ""menu_assumptions"": {""Watermelon"": {""price_pct"": 10, ""volume_pct"": -5}, ""Pineapple"": {""price_pct"": 10, ""volume_pct"": -5}, ""Guava"": {""price_pct"": 10, ""volume_pct"": -5}, ""PassionFruit"": {""price_pct"": 15, ""volume_pct"": -10}, ""MixedBerryPremium"": {""price_pct"": 40, ""volume_pct"": -25}}}"
