item_name_raw,sku
Watermelon Ice,Watermelon
watermelon ice,Watermelon
Watermelon Smoothie,Watermelon
Watermelon smoothy,Watermelon
แตงโมปั่น,Watermelon
แตงโมปั่นสด,Watermelon
แตงโมปั่น (ไซส์ M),Watermelon
Pineapple Ice,Pineapple
Pineapple Smoothie,Pineapple
Pineapple smoothie ,Pineapple
pineapple ice,Pineapple
สับปะรดปั่น,Pineapple
สัปปะรดปั่น,Pineapple
Guava Ice,Guava
guava ice,Guava
Guava Smoothie,Guava
ฝรั่งปั่น,Guava
ฝรั่งปั่น (ใส่เกลือ),Guava
Passion Fruit Ice,PassionFruit
Passion Fruit Smoothie,PassionFruit
passionfruit ice,PassionFruit
เสาวรสปั่น,PassionFruit
เสาวรสปั่นเข้มข้น,PassionFruit
Mixed Berry Premium,MixedBerryPremium
Mixed Berry (Premium),MixedBerryPremium
berry premium smoothie,MixedBerryPremium
เบอร์รี่ปั่นพรีเมียม,MixedBerryPremium
เบอร์รี่รวมพรีเมียม,MixedBerryPremium
